feature_0,feature_1,feature_2,feature_3,feature_4,feature_5,feature_6,feature_7,target
3.785489613884435,2.759524996822011,1.023924401007202,-0.7895696352648245,1.8877134241951823,2.406846490592113,-1.584059671548121,1.9658826308280717,1
-2.3206514133953884,-3.6969831587892648,0.8452874556873693,0.9247263790137552,-1.1119689967573265,0.16147061166643797,2.8374376397591727,-0.9472203197977564,0
-3.7226779136883934,-1.3831089045369456,0.7287904292716161,0.48740023301854707,-0.858848788404281,-0.07640160609293414,1.822982987577518,-0.6064089896598548,0
-2.8293732637188467,-3.105873352722463,0.8028161162083065,1.0433415385759714,-1.422722992071447,-0.2858332139786684,1.0213232381408046,-2.0805376417654573,0
-0.18939284105929358,4.6539141541163564,-2.359447375838639,1.2466142863836718,0.655279187450795,-4.020538697898912,0.6116451262458391,0.4617695834049572,2
,,6.681703015714585,-0.599595591586267,,0.5742978288670944,15.174322056458262,0.8943462000358693,1
2.8370044987190908,4.340804284101002,0.36514411043286954,-0.9969846503597882,1.5104201126453167,2.781708527340465,-1.8006308521261507,1.2203224139127113,2
-4.085713588643638,-2.6828868705814797,0.18502073269474562,0.2469848289483374,-1.888200683948313,0.7499131772507309,2.4220558606286557,-1.0910182430489428,0
2.7696624295662486,2.8209238060301924,1.597967902403783,-0.8382930159211402,1.6647027964189085,1.7123435427341156,-2.1772430541626644,2.500412777343886,1
3.176642081939013,2.6651670669504233,0.3449867605709539,-1.8317390823842359,0.3441755686611283,2.335534507357802,-2.5287658094492134,0.29963202108982556,1
2.550051501251493,3.3829856138075383,0.43395867108921127,-1.4261298465517283,2.288860200248609,3.1822603834901417,-1.9944628514810547,0.4864965595492716,1
0.5330264906322933,3.7049427391770715,-1.8570824927832337,2.989656864521121,-1.247591854185069,-2.0205433960085863,-0.1718437242830968,0.4176838613039272,2
-1.727971087200145,4.34120729131108,-1.4020299102770561,2.9356067142408633,-0.9088873352733586,-3.3187650772654615,0.5179295717741557,0.6303511036506944,2
3.3536872611529396,,2.249463686016097,,1.6177440649778791,3.0980692624748603,-2.19088582905725,0.6175729490411332,2
3.3907530028832764,3.106061880223585,1.1928308276774486,-0.07536299813108938,1.7674403021237497,3.059239049313715,-2.157693919296931,0.23322441754877432,1
-3.6791046637559885,-3.621386959000192,1.435049035424163,0.8660592093134578,-0.5173250255534102,-0.3097749983245287,3.0185319033894977,-0.9079599282361834,0
-3.613802544717312,-3.0659837879767897,-0.7304098739496419,-0.026931671773693378,-0.009527021580191475,-0.9011958068918217,1.2322500950817523,0.2858394698249198,0
-0.7858362320118207,4.025561209489826,-1.7333455372060005,3.3193479653987286,1.1666262358204456,-2.471043685423389,2.2864219415507288,0.2972348151221986,2
-4.236873328691038,-2.0048611153424543,0.21912154247612325,0.47449276721442124,-0.35013779459463623,0.8856119618418288,2.017114105343851,-1.2053821637447817,0
0.3444043216518451,5.241863097451957,-2.4034626732853077,2.1988669999216617,-0.7518961430679326,-2.8650829838119822,0.6552020486267697,0.022011107874135016,2
-2.3148110611339603,-2.944967631327749,-0.10396001370128904,1.5659834247214128,-1.892314166856061,-0.9845504389085628,2.714855602453393,-1.375967892696279,1
2.6579222017259263,3.984630873555451,1.2266032269053455,-0.13495197490410105,0.9710472985023653,2.539300338170917,-2.186761010681395,0.7104763300789073,1
-0.1363321587114808,4.889309805639363,-1.547583396629553,3.0119811506027503,0.20264108578787665,-2.3643114439126434,1.0702340028859814,0.09680426843635875,0
-3.0413295521135386,-1.3268441025437372,0.16022265796011392,0.46347671606163177,-2.3470369947823237,1.631717270090649,2.573613300832528,-1.233884513366216,0
-2.779076497486762,-2.1559024653782366,-0.010358686420525953,0.5420974919525425,-3.0031023208170584,-0.11386614438143536,1.2563099116983059,-1.3706075991562516,0
-0.2701188688530324,4.427646751676725,-2.706497770474564,1.203638953451522,0.3645198311717503,-1.8251080035579461,-0.25452247024870944,0.7582483126483514,2
-0.37967405662780285,5.252388122991825,-2.0929575170584616,2.0138405478511596,0.6482754253139805,-1.0000760220358778,1.1467778440162635,1.3636897226058033,2
-3.7821688790927253,-3.3210726994575333,0.2947658893458667,2.356061813700662,-0.7258046410648914,-0.673463781439139,2.24339591671567,-1.2849547654452276,1
-2.812286053331279,-3.6653753450300197,0.37404193848168577,1.314870728589574,-2.2058162203919833,-0.4900588207521222,1.7568320164810278,-2.0001708039583947,0
3.1741055822233135,2.7220784402948928,0.571736581578143,-2.2928973240334387,1.304982959035657,3.3012153371791664,-1.0808160791407515,1.014215604592284,1
-3.0494762671564497,-2.7659934100515997,0.5357994409865132,0.46412530579920097,-0.8698708051860258,0.5175888706106633,1.8882461848045882,-1.4570413012652983,0
-2.0418507576675062,-2.9608424549073193,0.8472844956621499,1.2564330535550305,-1.7017998206891232,0.2834876232472737,3.564070372338377,-1.1892778594668094,0
-0.9254937286583095,5.05723543224043,-2.1510289363434745,3.9271415821725197,-0.3683439471558947,-1.9078110741702456,1.7575381314195135,0.1350649174585975,2
2.3107431905053364,2.9265163207207334,-0.0549817499441414,-2.4023583905801367,2.018449896890152,1.972812924346329,-0.8892510484998626,1.7758433045160271,2
2.5283038182736077,2.817114926271122,1.0132938306480759,-1.024275475013013,0.18009896688957072,2.221761665549398,-1.4606560428375936,0.8030410056660093,1
0.8165969945727711,4.26828237322216,-1.1582307026464687,1.545202039816068,-0.9718690106928999,-3.3496611802638494,1.0064481848424627,1.3416646816044289,2
-2.6711225537565237,-2.5009018022584306,-0.625730067848079,0.42410858384462935,-0.6334814184568887,0.2008237828048233,0.6603541856197519,-0.27319704971132674,0
3.1797486470596996,1.8302586406130816,1.4897712927470037,-1.6674995702858189,1.7594256761770006,2.1348657638492883,-1.6850930989072925,0.4701630890644547,1
-2.118205902983716,-3.083319954620088,-0.12286279254388699,0.6554270378642296,-1.3594047919068488,-0.26145979802659286,2.3397122981441987,-0.6340093674756788,0
-4.22646900090888,-2.9340718592373816,1.3741304406873547,0.23940249828658677,-1.2645193429170893,-0.6410764341075064,1.5296615834242262,0.034175543919024554,0
4.339650228047897,2.805863253844432,1.8671949192714212,-0.9726684401048079,1.7907931812054427,2.548971012587962,-0.9065038615899131,0.5201278710028641,1
3.1606195321112636,3.3286754569110784,1.6449311385143797,-1.484507850185007,1.021847074953692,3.5155996758202113,-0.960312887564796,0.7264603405066752,1
-17.31573599760429,-36.1554462948543,-7.2789745312456215,12.456696469230733,-11.661376690542738,1.4024992814602595,8.572181821416127,-8.13010878076205,1
-2.6998704930768707,-1.9249708056028056,0.6282641060553342,0.1428716777956499,-2.4577114394719652,1.1556495525618746,3.206566004548308,-1.1256634492978204,0
20.400412010011944,27.063884910460306,3.47166936871369,-11.409038772413826,18.31088160198887,25.458083067921134,-15.955702811848438,3.891972476394173,2
-2.695663747873367,-3.2633092498610696,0.4063239248387712,0.037572934141012815,-1.6667216207822657,-0.18647124300626858,2.162518922738379,-1.3887290531733112,0
2.5070880436978387,4.002033979749192,1.6360107611292032,-0.7969066710378712,2.7559622455300103,1.4507733042729005,-1.5054083967739773,1.2564358782538427,1
-2.6421447298167258,-2.7261147380467357,-0.7506952579576545,0.914120753753411,-0.8030090298700536,0.7414566172274245,2.718085790019667,-0.9727607551689781,0
3.994019542450973,1.7112746828950083,1.0660241094667682,0.3960999462767507,1.418660500948172,1.286689268746345,-1.7771425750874184,2.018162628671326,1
-0.17410003047541725,5.795758951554774,-1.2500810089391752,1.7575152456377228,-1.414517904688992,-3.0285708797539614,0.1451189780187403,1.7780166608139658,2
,4.421261093531372,,-0.6641383759638956,0.5618541304782663,2.4991810076951877,-1.1435264109108403,0.8230696166259025,2
-0.5930518703419532,5.11883944565821,-2.3741706052443066,2.957806748104536,-0.9304323922600484,-3.7647820515079577,0.8397105147328654,-0.5979554866263164,2
0.0903296300110646,4.685796831947725,-2.2627765468441616,3.1326779820266624,0.9021826746176922,-1.8210716144412111,0.8066261303502037,1.0290750529318604,2
-2.707050647814731,-3.093819054566556,0.0742321894638992,0.4564679142961453,0.3702343658296794,-0.18443407512532475,0.9801102054531126,-1.4887550218128007,0
,,,,,13.964676394935324,-9.624210430250944,8.108233572537381,2
-2.979403497090519,-2.2798533561781436,-1.049931159730102,1.242008605861106,-0.6672645962986499,-0.10711811334434918,2.3851417472185084,-1.4921483566284615,1
-4.023720169397906,-2.4540912712340566,1.0270105170042163,1.590222017015868,-2.5785141473848574,0.20924270680890558,2.4731851990648464,-1.7218414479077095,0
3.450903836006388,2.4861485722995305,1.2229346467576065,-1.159227339325136,1.85084582897995,2.582672425504522,-3.65112118957491,1.1252241981936264,1
1.8756202271932325,2.7807922427642033,1.1158608234117338,-0.45481919801527815,2.13707104645784,2.698734200822831,-1.090326728048801,1.0448957616647074,1
2.8796988407091018,3.8255364668034444,1.3915590471151507,-2.0270693954407366,0.7285040795155331,1.9164828818510724,-2.0983844418529483,0.9367971777252301,1
-3.3122485649211835,-2.313866389829725,0.6968212159504356,0.5117099553825843,-2.1061579186826003,-1.153247409333207,2.203513224506776,-1.2482112830759506,0
-2.7925073994339384,-1.5754486880882528,0.4390340802632431,0.7850417471657962,-2.0274693062501647,-0.7225838694044857,1.1288697486792474,-1.622158119261643,0
-2.4496605119429598,-2.3168111647941636,0.39140879732731976,2.0016433131770466,-0.5420714243644092,0.17037924148037745,1.424675759919872,0.10276365460487802,1
-0.45550486152936076,4.828245156288737,-2.134376019723742,3.596051984467289,-0.2926522402868019,-2.374971711373652,1.4246152102915994,-0.1117711950860174,2
2.1877989978281027,3.008641820198298,0.21992724286449927,-1.6885063478487676,1.1058299457637872,2.833983676515629,-1.7254158400466943,0.5461073125221158,1
-3.1990546866280667,-2.8702720454092328,0.9334197818827753,0.7625190612811893,-0.7553039270859491,-0.7993567582996828,2.004437343653588,0.8183716086170825,0
1.9946324071810022,4.421261093531372,1.2132686493852787,-0.6641383759638956,0.5618541304782663,2.4991810076951877,-1.1435264109108403,0.8230696166259025,1
-0.9009820095974425,4.414778880022361,-2.027287937759271,2.329375037145302,0.3107206412217079,-2.0559342418529742,1.2745799539498037,0.3761392831450635,2
3.5568219124092826,3.2030350641646286,1.0556472441640146,-2.814901560781588,2.9388338010330326,1.874009597092511,-0.06373107084272966,-0.014469036455921236,1
3.4286414440689152,3.670957877646074,0.8188915295287938,-1.8475415042675758,2.160069029276764,1.6603438207095702,-1.6248460041576316,0.9719131595376697,1
-6.249229608111683,48.04122760076728,-17.23194913919491,23.342813559809336,-1.8740560030169902,-21.986676565190706,5.449515489049959,-4.679136412739803,0
3.8466644917100203,3.334187401405262,2.20337634901605,-1.2705120335584918,2.636081414040566,2.8797608104748855,0.7897182855502125,0.16526265125226558,1
,-15.815911963443668,-2.199455819443532,,-8.397369949741352,-2.2097886880137017,15.971317546367601,-8.91528023173727,1
-0.8200116302183882,3.701149328107424,-2.1639999916291552,2.2772554695071907,-1.0908920958018136,-2.045085418555203,1.4755816973086215,1.2378291173145695,2
-4.243478807439606,-3.4577741935458453,0.6507118409590584,0.2828297609608955,-0.8643560095374103,-0.841887610130721,1.799543704894377,-1.410236147982891,0
-1.2748019094212568,5.161556596832584,-3.122316276804926,2.7007816091026733,-0.5905853434457817,-3.4986924114996336,1.1668485652950003,0.26634043028157806,2
3.1190170199781995,2.834625257163418,,,,2.1863560861004263,-1.398154867075283,0.9413242349486255,2
-0.0794289680730518,5.3598038098531875,-1.5802387880457494,1.9994013500619836,0.4935237981870017,-4.070595832317175,0.4729379410967318,-0.07672408129087549,2
3.5942065752245496,2.510865606829629,1.5520277834856546,-0.4244394791077505,2.2384692663035057,2.5983786964426283,0.7688813538837498,1.7381735875794573,2
-0.6413645007551078,5.388261599003188,-1.9996288547268302,2.393826363834699,0.4142607132517055,-3.203463207440205,0.09759244127004019,0.7858461056091459,0
-3.399660563065256,-2.4303654170236526,,,-1.3359193751109129,0.1892402674972081,1.3956583146824328,-1.103270076168247,1
-0.8034888597052701,5.159786085815699,-2.3018114713638695,1.6727714144567647,1.0695798251061108,-2.177260815298402,0.7327391849359753,-0.30204238512966075,2
23.26979226205063,26.317545360548536,5.525607619159931,-16.813610011000957,7.152090187062114,27.175469596201307,-11.581249980841136,10.526088788741404,2
3.985914190972449,1.2225544577530356,1.5585014401954884,-1.3246214564582757,1.212761487983871,3.6846206092824687,-1.999891764540036,0.5239515921801129,1
9.501473728501747,30.27148040218801,-18.715989238428865,14.215316336088229,-6.887689134246052,-16.26442563706028,6.898881126605479,4.293251409864763,0
-24.05957658906188,-31.707769994836507,2.2292928543453474,10.0460369555571,-8.567393869342245,-0.7895322256887441,24.577961787365894,-2.35793968247527,1
-2.5211734608178333,-3.4298593427410577,-0.6261646964889802,1.467988740279715,-0.7138337586909227,-0.031496645350104435,0.6274080810713274,-0.5058211773108288,0
3.1021103847978195,2.5091418051579955,1.3071715663531875,0.016461692427520047,0.5804603236970858,1.710297284035553,-1.8382109887081148,0.6942431079245193,1
-4.133350274082716,-2.9202873641005915,1.2553067474652793,0.16168819767609,-1.052868432826816,0.23207918659358484,2.5251037842626336,-0.38961715019669496,0
3.0217943970614844,2.406032517253151,0.26598584862068564,-1.5264253775566043,1.6554925697846161,2.481130914495355,-1.3492593446978756,1.3505691934822777,1
1.0555435920644065,5.288890376596784,-2.082994907080004,2.361367680492655,-1.995226873640955,-2.728551537823368,0.052711775102631475,0.6548606794004359,2
3.2762195949593784,4.290881489375988,1.2756074995200781,-1.2708275854558768,2.036328776795199,2.3323509550892774,-1.7647996521549445,0.3290786260133155,1
2.3598114672442545,3.21050017927241,0.22539225434848542,-0.5166098772080228,2.2404843376902344,2.69063338078983,-2.796958470545462,0.3232445351837758,2
3.64928204411948,3.5252964880825037,0.6923755406571768,-1.9407292381839334,1.7942534880898366,2.882262461582,-0.7366696062030043,0.34457510746829456,1
2.6210799511950458,3.1904007748182317,0.560176010228111,-1.194856508210769,1.8089510847709647,2.2558591231590888,-1.3417582876285823,2.114909919213698,1
-2.685015161057416,-2.6056808485385026,0.5802091059167147,1.2309604770600853,-0.9556733288050249,-0.5666404232249364,2.6146410052357396,-1.9611021118198773,0
1.635139177042878,2.767416490599048,1.005169481891228,-0.8818766833402674,1.7652138384141218,2.6709692202614006,-1.6850405880859693,1.2003364597880217,1
-3.330243223546835,-2.678429959798372,0.991367538354889,1.0967690024410772,-0.9679068402369024,0.16044796188054788,2.3710452939210267,-1.4932712840089177,0
-0.8944731922228529,4.859817643472982,-1.2567229535875892,2.3887223242395486,0.3991207528759568,-2.1235482831888355,0.8492011983902695,-0.2662938380203741,2
-0.3034187308445056,4.472292099519286,-2.02129901543185,3.681596809027925,-1.9839713478432526,-3.1698610442923725,1.0038785899542584,-0.25989916444085204,2
-1.7439409617797488,-2.0796344899458665,0.42318607285887144,1.24690411411844,-0.9632239897510294,0.08482456450962336,2.091534931538081,-0.4233728076866726,0
-0.5509823446449741,4.579882299797029,-2.8838721584128257,2.8776069644456537,-0.6560044445591936,-1.857237231426586,0.7630809776306597,1.243773461416942,2
-3.0523382450953096,-3.7981447996558106,0.4010181304222354,1.047288838856577,-1.419546261893291,0.11334355709954763,2.7275583314429874,-1.7602241871239033,0
-0.8286049294356972,3.347636417721014,-0.605080039415276,2.050301324204095,-0.09614709084366593,-2.7784567840779006,1.3836613928574995,1.7409529461637305,2
1.1720514681307752,3.996417326219117,-1.0259967745212815,1.7711325345815205,0.05094429895908426,-1.6718262140163516,1.7919500065773226,0.20581947160983544,2
-2.7705774710336355,-2.5910816486533967,-0.13533225427042028,1.025536528929962,-2.922133698064119,0.14819964891941792,2.5335044693710804,-1.1960480388166128,0
-3.94529499263877,-3.218147603764804,-0.02228153805990818,1.6087730296861436,-0.6752706030279708,0.7394699102216181,1.4713464064080857,-2.917673185602635,0
-3.2780360169419516,-3.232709774037839,-0.07229087883097574,1.2951317809368807,-1.5658106218596088,-0.46422162544573536,1.536428626472785,-1.847279109447952,0
2.602090541397577,2.953937675249471,1.0470267767577868,-1.270678549741798,1.4877962721356937,2.4721664380002784,-1.3776264710854351,-0.650241221291121,1
-0.13738046524758443,4.353565235925779,-1.5027835936233955,2.823646722469741,-0.578760726411704,-2.728079052210315,0.841154296520729,1.0242716487389933,2
-2.518567207880089,-2.150981415793791,1.276418868044492,,,0.7108606515380507,0.8391651040924284,-1.0055331607612654,1
3.779561794718909,2.403114819755626,1.181679235900077,-0.8192276691019411,1.8395857912087066,2.7358696732421333,-2.090666984967306,0.05509281139299871,1
-0.20624508603559855,4.016819975126734,-1.3778093548019,1.507319686493986,-0.6954401543644928,-2.7301410192701865,2.1296255937672997,1.2379963843649942,2
0.4166106044917989,5.166957916180719,-1.9352553120755749,1.9301927935848786,-0.320627203665755,-2.0541312458391294,0.2851224915621754,0.375353382351856,0
3.2993453532158217,2.775831480388997,2.23168308861451,-1.6324377760566884,0.9853157167677675,1.8211273557167225,-1.2735744643345728,0.0388645383019508,1
-0.5792843079816035,4.7943374089152,-1.6392618921490685,1.5429882096510834,0.12260459217004159,-2.582301280597144,1.3812741780204782,1.0819429357133934,2
-4.325219812866673,-2.847908789239963,1.6025579793261115,1.342067967127115,-1.380562445022145,-0.39231462816215285,2.0217330403419878,-1.1764439707823493,0
-2.4930021257806403,-2.9558983421657103,-0.8243623773183373,-0.37101400827792164,-1.508623505050518,-0.15467712245044785,1.9276059204977565,-1.0195877195711527,0
-3.823340221650403,-3.5443241494237867,0.05894224282103144,0.259991588103208,-2.2363210910288895,-0.10099906496417839,1.1482971071295152,-0.4105111286036571,0
-2.8653052175622733,-2.207563398110075,-1.1410085256520741,2.113316608541216,-1.2374564936753618,0.7544903490216273,1.146086978610935,-1.5815389171237348,0
-0.5390896578484812,4.433634008427008,-2.8641515958548283,3.5898262200682027,0.8084197175079778,-2.5221093244491914,0.1920957450891504,1.5751349344698424,2
,38.36705443132957,,21.124603902585363,0.6215644123990409,-10.59620286862181,4.503478806388982,11.17603654575727,0
-3.377674627344798,-3.1238014355009573,0.5635600165270335,1.4233541077853975,-0.7434006565343902,-0.20604340646907485,1.6806906627192495,-0.6936410285259856,0
2.5105235312851675,2.8840446670211852,0.25656761880741175,-1.8587381141861452,1.4646681490530047,1.8759293817295748,-2.0187130058452265,0.45316628169709583,1
,4.953502572240555,-1.5191931270656007,2.924361144119042,,-3.113283182189397,0.8565088244806116,-0.008104829745257836,0
-3.1817298219420422,-2.321136858825778,1.111994375243345,0.31266310783443774,-2.098868517036003,0.07609150696938677,3.208292662268657,-2.3408956151282956,0
-3.365077051350468,-3.6607674673054014,1.4108108440564215,1.4433950787191443,-1.0765046370247886,0.8730479947997152,3.968854473767106,-2.1964582727371087,0
3.0475789798145376,1.9102988335047417,0.07667887143204144,-0.9916622886259581,2.8868399990808746,2.9054888683291678,-2.707944377601243,-1.1773416455835362,1
-4.395142259737909,-3.9075306296523324,-0.5375297782099744,-0.6335312838938132,-1.9747851081086236,0.5246037298094183,1.8005811535321976,-0.8615469426407035,0
-4.179918122169366,-2.623375892050224,-0.2240156361720792,1.1646932781117845,-2.496614104779342,0.3124255032801445,1.435380766984839,-1.897844255182365,0
2.9611667886205657,1.8116643833373143,1.999836814384739,-1.0946075249226912,2.022492753743072,1.9735798942769085,-1.6153910671058354,0.39320334805365176,1
-4.064573490506054,32.93252368125751,-17.078148789330243,19.49059658916856,-4.65190732496993,-31.32927741698513,4.8587975950773865,6.015023731206583,0
-14.774357227230208,,,22.662813065650543,-2.939622082626203,-11.657555387621914,5.424684231872677,6.356922510165269,0
1.1374902337241448,4.632685592139915,-1.300487410208456,1.1029380907696291,-0.34968147352679596,-3.8117634650002814,1.546287670760062,-0.58306192861231,2
3.2498361944509933,2.2381845448617153,1.837771696367287,-0.9283827663337978,0.2896501972804242,2.4640599991585215,-1.3031554808539667,1.6809546530050183,1
-4.10293352901943,-3.4629918246147713,-0.31022524256339545,0.3242541636338656,-1.46256286122467,-1.459081508491932,2.4299893068499445,-0.4723014510464225,0
-2.737929483805616,-2.557612961367023,-0.48298836866352424,1.2317281084973368,-1.7118338316293125,-0.33795311110725135,2.6093889265938084,0.03549215747196088,0
-24.341697165759086,,2.098211856603216,,-20.224380809765634,3.544062611920813,11.612954098178925,9.13337488238221,1
3.113067256507693,4.153678513276716,0.8731382758173092,-0.6865994789334523,1.8821151864174017,1.7743639705847798,-1.1425044355505403,0.024315393575762068,1
1.241927556452638,3.9467279424224433,-1.4800208620311126,2.45823206360763,-0.2294196916667346,-2.0573792616727173,0.7905785645672874,-1.3633757360101295,2
,,-2.7323275538114116,,,-2.8827448955849566,1.2312714289591873,1.3677948349483864,0
-2.1678511199522883,-2.5620270998826924,-0.3851793943635399,2.244027988180407,-1.0388418421436652,-0.007137280937532292,3.1131531639352454,-0.8884915513192516,0
-3.516863606613976,-3.4313225589221665,-0.09557373566788496,0.24569172667740125,-1.7097571448387558,-0.8516226007025834,2.2345296572761892,-0.9638111749999697,0
-3.0093910508473662,-4.582290330136496,0.3664676777658159,0.886040702357175,-0.03280087484219263,-1.0199965390436894,1.726525678180563,0.19409687638119477,0
-3.3771399223324203,-2.1965311374865055,-1.17598221343033,0.44940395742708195,-2.680527705863871,-0.5783606264547667,2.17336613077626,-1.1254586378148284,0
1.7989692009351785,2.2352120107316114,1.2921595621222806,0.1649632760483466,1.7205301252813194,2.8940005441276737,-1.4877241688288592,0.28152108211936466,1
-3.1707272771241364,-4.468215670327099,-0.12594514638563403,0.815848602880553,-1.98009687332365,0.9671953153644578,1.884543557222647,-0.09808902547722342,0
,,8.376214214062294,-10.165428397934384,,19.777331504002227,-11.021011768683481,-5.201929770328968,2
1.028699487033057,4.09748621248191,-2.4504413963581904,2.4632879634531495,0.24563907886707165,-2.607972779177266,1.7344878442200673,-0.0594006831199303,2
2.517458323447861,3.2931584797403834,1.2780638370852944,0.3650972889225128,1.0321377216903262,3.1334429630857192,-0.686275896722603,1.4932534825544532,1
2.897048550343977,3.056425442934365,0.45274683918667047,-1.6024781302151678,2.0384032513767654,2.811459443781235,-1.1812910931083969,1.1965980441078656,1
3.1066102607831234,3.558090792818496,1.0117254963502196,1.2259051421764595,1.6059428535597187,2.636697468942793,-2.697327634701293,0.6195847708876034,1
-0.13046769817236153,3.320239694628314,-1.7165893992966472,1.3124019130970745,0.10379922475411049,-3.3585539151157846,0.4052512754048808,1.3083124717816137,2
-2.461723889898378,-2.426627081761503,0.12543899263630165,0.7177861261489658,-1.1212084132473716,-0.579308968514263,1.7126262083894896,-0.9372850628420958,0
4.398926112322151,3.701196454010387,1.6610256464827848,-1.1850559854593803,1.2995806152492302,1.4838062103642211,-0.9527818403665279,1.3437382233661497,1
10.255281795233444,26.32899328077179,-10.858381138836133,19.43715051384049,-1.8538829762436504,-27.67112340518801,11.336188277585611,7.786369354750404,0
-15.157088964101565,-23.104046963988747,3.3356253737846577,9.60062638177424,-4.686390246441782,1.2285420076375955,13.698807507331072,-1.8047832236646233,1
3.2273961609577317,2.7713636665025376,0.8907555494246682,-1.204241603407155,3.0692864600076897,0.9315070173014386,-1.7718337321928523,0.9974176820461256,1
-2.684777905369331,-2.997824014870054,-0.024869336799162145,0.8349194464776031,-1.628923022560655,-0.18910859053596732,3.2399388695873785,-1.0689122016155157,1
-2.646888746636272,-3.4893152971727486,0.5298417171064228,0.9393067094105134,-1.6915927970724378,0.5532384072492927,0.926994585153105,-1.3619099574680522,0
-3.0571114387795846,-4.193956551210862,-0.6309608375244746,1.3374467848678677,-1.8659030873187763,-1.7953210392743968,2.5493908256256947,-0.8093411713080321,1
0.1613427504008986,3.991471276829791,-3.2865730381384823,1.9392346953651933,-0.5241305913337636,-3.0411654466085563,1.6790410131453224,-0.3495219446973996,2
0.4495765050618085,5.57898702665887,-2.2576609765005964,3.4345565847105033,-0.7309443056158151,-3.256614424835986,1.5269226000488372,-0.553318516886161,2
2.5923524803768987,2.804286192537731,0.9920964071274189,-0.6641872391342418,2.5073525584403544,3.0128976599385493,-0.8264848197976287,2.0122728769601967,1
-0.5138171284552863,5.2762654010695,-1.1366427149436196,2.294864157618682,1.1626741378425833,-2.1716748792777376,0.3859092912016028,0.23809038392755372,2
-0.016936421761948282,4.106052316722803,-2.0049325783748393,2.9985619142924325,-0.2879339625892086,-2.1371116262257353,0.4310771272679812,1.0313353958655465,0
-0.1304639447697479,4.403787104974813,-1.7070854417105545,2.741371954522852,0.4076468251569858,-2.1071036315191485,0.31261938606904416,1.1931865483934603,2
-25.418914386108884,,5.138974147471683,2.3521981651185966,,3.7109294341587096,18.156212450874165,-4.8834127205929265,1
3.1509890997201664,2.9706562021303697,1.3017381448197558,-0.8394286369552784,1.5413653331175121,2.0512888588087055,-0.31436363146625523,0.26470603965601713,1
0.12890288103810146,5.582988395679937,-3.0369310425250955,1.8622282184502659,1.9631237449152559,-2.6911680987691824,-0.3236956669322921,0.09221489965628382,2
-3.309184255921096,-3.3321590535333274,0.029706582167155937,0.7789473596914961,-0.6750844047771682,0.13946662887446745,3.7302663532388287,-0.8806442697862454,0
-0.3772814557953658,3.857453336435368,-2.005121292886463,2.1908953052564026,1.085749983258986,-2.7269590749476342,0.9627703937980454,2.2327926977185597,2
-2.6136988599280957,-5.042011916487946,1.3332139924570823,-1.1333427957469278,-1.9312343178892877,0.7177436239804285,1.7778992923232915,-2.0263301877286795,0
34.717201824383174,22.446906030755457,14.93755935417137,-7.781347520838463,14.326345449643542,20.391768100703697,-7.252030892719305,4.1610229680229125,2
3.5505617259322815,2.9727629756496476,1.451578881362785,-1.5358467107295743,1.0943919400928106,2.1755887704622228,-2.7969095031831945,1.6032309459423568,1
-2.242353649145785,-3.3793883801583346,1.3037794971611918,1.3795367000069791,-1.328722652158855,0.10186036373491675,1.8775223743000753,-0.26805191585351396,0
-0.4403834359017791,4.5293993610008645,-2.0906712701561743,2.3924183520377484,-0.2888152049375596,-3.4134639772255464,1.0523357911264106,-0.061900061604990175,2
-2.796156359207955,-1.325126293887231,-0.2401707212642954,-0.32847014992984347,-0.5993869080989368,-0.5787663737751515,1.9855055451256363,-1.4101427473161094,0
-0.7434749761299743,4.494249513708457,-1.5287868764709729,2.366711770092968,0.8065532976568688,-2.8024276776575463,2.4485598061402216,1.9855382529905716,2
3.370179245369229,3.2645738382238516,2.335563945342817,-0.40648869735186033,1.203960020924248,3.07264906529214,-2.4783647166616247,0.32626917742324024,1
1.0780702945158354,2.365468235368633,0.9644073680235029,-1.2496280335915144,1.6729717953812944,3.290637619063544,-1.7250750492577491,0.2596416427139947,1
-2.929344245785392,-2.206347509205192,1.9748193132947023,0.5962060687961812,-1.5117857066133982,1.2754386549399896,0.9344605073660002,-0.28069325061232486,0
-0.1853112932255234,4.0718183746728,-2.0298433769595032,2.591035526535548,-0.2933487950020304,-2.1289585629602095,0.3325867569577138,-0.17087137248898765,2
-3.26446457293079,-2.3585819912478034,-0.7132463722462881,1.6034000352884936,-1.7657805675997928,0.26386344998676053,1.2111084628593956,-0.06995825320539484,0
-0.42149945644774106,4.166314616524894,-2.151212568716536,2.9009796863713584,-0.33433771234820164,-2.873391870541551,0.0582233156496168,0.09979522217601527,2
-3.440541139034153,-2.67252615196324,0.6365727812000216,1.4405828042715403,-1.4076883308151937,0.5731347652432093,2.06621477307039,-0.45071789870781953,0
3.5198234714647043,3.0308972276659154,0.9621473767734643,-0.609822409964464,1.419029010264385,2.632748349315672,-2.2405133851716124,1.9079400375438111,1
-3.399660563065256,-2.4303654170236526,1.2479300891923266,1.1630146140960178,-1.3359193751109129,0.1892402674972081,1.3956583146824328,-1.103270076168247,0
4.959788055286117,2.7433248444446345,-0.16673055309316598,-0.37000023489918676,0.9911525287488903,3.409542851387478,-1.6974203334529614,0.5577290176420535,1
-4.38442434365699,-3.1830933307464813,0.5395476843952629,0.0997089743038464,-1.5241324055242431,0.037626794093351415,0.49079439575843464,-1.640587261635651,0
3.0622548786225,1.974827342180488,0.28093858231863844,-1.5254885555529127,2.090757349624089,2.2461723346941582,-1.8135064882435223,2.3682847607878723,1
0.41624535750285496,5.703118111824377,-2.2219207338528837,2.042764965639593,-1.048701769090726,-1.413343095336269,1.294987634933978,0.8171427741260114,2
-2.9935787262725095,-3.081386651717256,1.7895054609977845,2.347147225908801,-2.6650494753311404,1.7457489040095926,1.3593419951926733,-0.31352869397080196,0
-2.5169360093772233,-3.9575595941673036,-0.18676955722775013,0.49373501984141255,-1.7501135421867708,-0.9534355815968565,1.0045637637019071,-1.5752847074852876,0
1.2495894613761227,5.205635184002414,-2.4157267302690144,1.7972961914677397,-0.9579440034656703,-1.468742958052371,0.45527800100549387,1.536160908279915,2
3.7181524921061593,1.9421441194528666,1.7451293225734248,-1.1156394113913057,1.4329158502500001,1.3043386062106725,-1.6027016410900106,1.429509861207963,1
2.327302560652976,3.9854311636779385,1.8605274519207895,-0.5802908361467358,1.643043381046268,2.65827560703106,-1.5551150545675645,1.4485495939768493,1
-0.050999938798861624,4.313390580763804,-2.359669438384181,2.1921938989617322,0.778410218695756,-2.9189855143322334,1.396485517870124,0.7202165014218009,2
-3.222534584039924,-3.6069036794263982,0.5834581027891744,0.5999855465622839,-1.6163104893648126,1.3175224161428345,1.8811961425057353,-0.7103453779668503,0
3.6280360926231427,2.8356404241199074,1.5800979842902825,0.19415819509614107,2.898802288338934,3.3308239412193563,-1.4820278824394006,0.8483147221608557,1
1.0453110934880288,5.774442818044005,-2.173777472842524,2.8072808482927294,-0.8623630554589411,-2.06342657146462,0.651265303595941,-0.2610647251118474,2
-0.5080716863132567,4.116565460157188,-2.1347685986662803,2.43632457364607,-0.5814884156212412,-3.916159677123141,0.6073496993846733,0.7518779664008228,2
-2.17222848077314,-3.226789342847501,0.3571513394660957,0.655841069524161,-1.9064559819219093,0.486269428139886,2.179134795072956,-0.543776301017872,0
-3.661096014882164,-3.164605452630105,2.2207705240155917,1.9744496446819784,-2.0970564724545904,0.45330187214317996,1.4179340591335365,-2.2434573471923542,0
0.39360989130829566,5.179113031384186,-2.102286037990786,1.5362322993416722,-0.9549077011345831,-1.8981651546427443,0.11758418684009986,0.7744186277419386,0
5.1619585364021985,3.361170933737491,1.3392504579181916,-0.5071894479748422,0.7937238156882228,2.189268854506871,-1.8543184866846338,1.4533297840536932,1
1.7834511115365967,29.359126710628352,,19.87150593008775,1.5736518307261478,-20.819558453506634,6.5944626047051775,-0.8620945744823976,0
-2.6702045946200497,-3.373416643015307,0.2118531744486536,1.9538498478623387,-2.228410236758703,-1.688946231650643,3.127655896508326,0.7845295668249019,0
-0.7578562068859301,4.795881803916196,-1.6704018539105334,2.6405754878231704,0.07769555154988012,-1.3245253585777264,0.5629348507986227,1.3970045682196588,2
,3.7501003762938083,,1.9939130573792587,0.2768172843075905,-2.018039781319611,1.0349081908010316,2.1851280050323547,0
-0.4913093524856782,4.378919917614533,-1.7834215487159695,3.0954295126983897,0.5244546278376433,-3.276481339133157,1.683887911475042,0.437858424435713,2
,4.421261093531372,,-0.6641383759638956,0.5618541304782663,2.4991810076951877,-1.1435264109108403,0.8230696166259025,2
2.7637665178113684,3.579556787213045,1.130999390739151,-1.9205382263263056,0.5093832585622404,3.285791909104544,-0.6628110751327617,1.2260364612833061,1
4.129879746117141,3.0706310746029475,0.5637395715877056,-1.4349761454829828,1.0456138148532197,2.0037286852679106,-2.398203461822562,-0.05029428155435589,1
-3.0835563394938137,-4.134639462815706,-1.1410403158932116,1.6599360608576927,-2.1894964494071094,-0.31886949150240135,1.0294904227108648,-1.986978792158713,0
-3.7164482448353056,-2.8745070555305787,0.6539976787802356,1.9514313026683054,-0.915422127859795,0.24980974140465653,3.0243120238536934,-1.8321341380259955,0
3.051970544284416,2.3995539986057066,0.6174863597164064,0.040305452102346484,1.572420015425588,2.108558268391996,-2.301659579620706,-0.31019104047960533,1
1.389468509648648,3.985186876532074,-2.083601747528722,2.947413866122872,0.6244384256388799,-1.6056964349197607,1.2999475352952672,1.2356388905515976,2
-3.6994014239317083,-2.9742361506321315,0.621104997756558,-0.2994180969801199,-1.626214915994674,0.009850458011453364,1.8493955839602099,-1.5693732886426734,0
-2.6702045946200497,-3.373416643015307,0.2118531744486536,1.9538498478623387,-2.228410236758703,-1.688946231650643,3.127655896508326,0.7845295668249019,1
0.9162602095755245,4.63061590115562,-2.4686200492473835,2.3832431737349875,-0.368925362444531,-1.5818310162282163,0.8584319373870586,0.608756022280915,2
4.687870827747779,3.396486074178233,0.5830077072106159,0.34915882866115955,1.256798180659664,2.5927635700796405,-1.840981067278339,2.1563942862103374,1
-0.14767359555947698,4.192142905357414,-0.8735845218206921,2.8964809468614714,0.6810926062144451,-2.1955562243360376,0.6888888333448311,0.9279480941807456,2
-2.837837689034438,-2.324380655089934,0.5615073459565093,1.2744076561560296,-1.287313802053706,-0.06407801359274551,1.6284247203092468,0.5499068310543378,1
2.9908219983023305,2.7783640364566997,0.824452226075559,-0.3052663704918628,2.357613018569899,2.0329946403621406,-1.9680115002132428,1.2655512437669785,1
3.706780016963175,1.9839826729387096,1.1604279843489211,-0.9538178478257976,2.7000662242496216,2.3389046648218534,-1.620120418862549,1.598471827215282,2
3.865935379289728,2.964588818996599,1.915540936645887,-2.379010522380103,1.4611826376344597,2.4719335615268947,-2.0088960606851427,2.668702726587311,1
2.6208968967440054,4.431376273933653,0.5617436754993252,-1.1670786061444347,0.8821933466549466,2.7350919710200765,-2.0153854230995365,0.870072345635065,1
-3.1216863900662313,-3.5107040358949524,0.7645796985962889,1.3167768932857142,-1.275405247572775,0.16702055364991059,3.10443774345232,-1.7473156383314201,0
1.9738759534765233,2.549376802313625,0.6296730517026523,-1.156302805437789,0.38282998827564807,2.9167002422366277,-1.0335989022407992,1.3558627275125634,1
0.7582280403916236,,,1.8395525411744695,0.056684655544992496,-2.3265504588071835,1.067065257809129,0.37390575891770406,0
0.6345206845686544,4.149075865097205,-2.6782670689719383,2.168069368901683,-0.6760686234289298,-2.5708494906111423,1.0714634374216572,0.2857929138322339,2
-25.418914386108884,,5.138974147471683,2.3521981651185966,,3.7109294341587096,18.156212450874165,-4.8834127205929265,1
0.44485417770709834,,-1.3542442323513542,,,-2.8328587488714496,1.6690940078292442,0.9709339377166357,0
-2.805166942300647,-3.9632303321012037,0.05596830453211815,0.744900107355031,-1.7943558404058235,-0.3736571577614459,2.005044942263459,-1.374678896641405,0
0.8058018836656795,3.7501003762938083,-1.6323898969788102,1.9939130573792587,0.2768172843075905,-2.018039781319611,1.0349081908010316,2.1851280050323547,2
-2.3777117737167464,-2.003508369414477,1.1971011070606525,0.3460326550964281,-2.1324741126033904,-0.05304003352187709,1.68417724993241,-1.7968287088726598,0
-0.18082425008978217,4.411747124541064,-2.460380276154728,2.5451282482718707,0.43970449443046933,-2.6653865115217013,0.6827636862218851,0.3839645583422895,2
-0.8600131511382924,4.465999957840511,-2.115843136241607,1.949439420200644,0.611636377839337,-2.541650369800716,1.7438531548222627,0.3634651041568976,2
1.0627882389358152,3.4291375566535014,-2.7263806813694886,2.7895339198322273,-0.4104547650434043,-3.5628715789073224,2.4279749120503715,-0.20114366221170177,2
0.3789490877101862,4.6427996227775,-1.4100513228455454,1.3609545354147006,-0.09189143256047036,-3.46869254569191,1.1936914123234192,1.6493511230975884,2
0.4233249327578596,2.675947988730942,-2.168349270937676,2.8625329317246933,-0.28731961372731013,-2.4746581525181215,1.5254899871746543,0.5566476632765136,2
0.05457297822202812,3.634977815003834,-1.529089435051578,2.602292148669864,1.8154836014485152,-1.479910395705008,1.4978051098541667,0.6744193509017258,2
0.10700949778400122,4.9870990292187445,-1.0223306696362662,2.4816113992296223,1.5962914183462371,-2.3372839883460674,0.08284852439835699,0.10654968742291615,2
-3.765615943201669,-2.2811659775755664,-0.8450531713840468,1.7902937706734119,-1.5385714693296024,-0.8346767313097034,1.5918194493881161,-1.712057038771149,0
3.1654269974197407,2.339788052941427,0.84056411809306,-0.45945196585324666,1.571274429172309,1.511151284179145,-2.4205203738764274,0.033185247956458386,1
-2.219785288795836,-2.731636020772271,0.40820372885765854,1.2441431258324065,-0.13429120791159033,1.453886370337627,2.048566794592945,-0.8878665846780474,0
-2.4999224621585387,-1.6018924284764042,-0.32363030360051137,0.41377561714036515,-1.3351861421830489,1.1277813039497344,1.1443379812220678,-0.8256747143851406,0
-0.04429665024175201,5.065395321891004,-3.128265787321,1.9953714926419157,0.40085619629328445,-2.470793470710594,1.9913915344192967,-0.4879572178534404,2
0.5864973442076958,4.470497230401117,-2.7323275538114116,1.3205960151436127,0.5822820164674656,-2.8827448955849566,1.2312714289591873,1.3677948349483864,2
0.17360945749995815,4.554835521967188,-2.1145041814156222,2.2926980854663745,-0.2983854108744489,-2.337643743959988,1.2875709124396193,0.6388514171231838,2
2.6902314741228173,3.78745298499325,0.30467101129271945,-0.7255787213597339,3.0908612936253315,2.64374897757602,-2.042926635483123,1.2872580918700764,1
2.3107431905053364,2.9265163207207334,-0.0549817499441414,-2.4023583905801367,2.018449896890152,1.972812924346329,-0.8892510484998626,1.7758433045160271,2
-1.868653222844155,-4.44426679376332,0.08622760236622612,1.4136344259553482,-2.6071160796177595,1.033164333637456,2.257849628890461,-0.4073912099096172,0
-3.5915317295784055,-3.7585891791506425,0.7412234333252502,1.2654960240556141,-0.5988682218764543,0.7699857552394584,1.9074399404281794,-1.8709441152026085,0
35.79494566713866,30.947340658681203,12.396341142199919,-13.387631928400959,9.127229404498237,19.46887020120039,-16.34227989445798,10.802601339916661,2
-0.5208484490429391,4.929575985548118,-3.3152132364858904,3.043778507054522,-0.016221410965277048,-2.840943426481762,0.8372267603872916,0.38856263578813344,2
-3.2233746179076284,-2.847938163632633,0.35854172822741714,0.595474124345641,-1.3229806295210709,-0.3527704189874273,1.5603537413922384,-0.7819830159875923,0
2.9979002495706224,3.7136549421409266,1.2934404258034238,-0.8962438326715652,2.266607856918818,1.9885012673591458,-1.47817508593476,0.9875059531953259,1
-2.764391811376196,-2.7025238717946953,-0.8558768528937906,1.4666008680266733,-2.1874135938812103,-1.0096093948915879,1.9591121292989222,-0.941213297679882,0
0.6162148664647947,5.712159616027776,-2.4086623955792827,1.2153375464884775,0.3495236978476521,-2.731826275836504,0.9082280008312924,0.8893244290117084,2
30.023558247161628,,,,9.068698802111136,18.059956987763442,-2.4160323259780547,2.3762866536708573,2
1.7007855170792472,3.892213465766938,1.4369351799521488,-0.37053824973222327,1.890681908364758,2.387213537780541,-2.244204097108796,0.9019471911425275,1
3.0304150170460202,3.1721631165773196,0.9799251986276405,-1.0368284651387722,1.9291309468395503,2.120543441963849,-2.163380434947423,3.1166470168356737,2
-0.5466873658060993,3.002696693499648,-1.0143784890660696,2.7573922604257994,-0.020972733879385228,-4.0331650734874795,-0.27670959851428023,0.49836102826912915,2
2.3926863439157082,3.049347360314815,0.5652917716348379,-1.6614536849340693,0.36406286881343264,2.2489748525229585,-1.1031205382913938,0.5137384526347983,1
2.1241035565341195,3.0783714690110644,1.6861636381058647,-1.3922460446955407,2.59938052050331,1.9977497044402412,-1.6666082060159155,0.24429629576392364,1
-3.0061562826399,-2.6407601322459735,0.20680587925247318,2.560812288986684,-2.597551291501349,0.882656126494089,2.9575352155046795,-1.5965111641759155,1
-4.4755673392442095,-3.255106776585123,-1.0261470451426318,1.0252419487584568,-1.5032430805570418,0.7318725923527761,2.8313440749047847,-0.8580574662233429,0
3.279287330491642,3.577456522729872,0.5008670428160804,-0.2637015976307362,0.43901565494056993,1.6266605405993453,-1.0032366940534867,2.169784859994273,1
-3.3450018382268913,-4.267149324760771,0.0780964458788444,0.2349733312308755,-2.512903203490511,1.2056519593969544,2.191003762618041,-0.7342186935702115,1
,-30.385158397246485,3.208145043377883,8.378310710852617,-11.356370095146328,0.906748456796381,21.8204666515439,-14.081793496991226,1
3.1190170199781995,2.834625257163418,,,,2.1863560861004263,-1.398154867075283,0.9413242349486255,2
8.08906167648932,40.21559284924048,-21.491476540297562,7.756757824489183,6.041475519855669,-19.376243656545952,3.8268941633998113,10.571949125031374,0
3.1772431572067448,3.626652881558326,1.191324879575812,0.5671821664900967,2.5008512167292927,2.284730564698089,-1.7226192036649484,1.328787703639747,1
,22.322879011566958,,,,11.09236168969126,-21.2485455733404,10.378232937952225,2
3.286954909486397,3.23563659463914,-0.46993139000758566,-1.5499739197872522,2.343155286124309,2.5554505334628974,-2.4919062391720903,2.6490748271187057,1
-4.22646900090888,-2.9340718592373816,1.3741304406873547,0.23940249828658677,-1.2645193429170893,-0.6410764341075064,1.5296615834242262,0.034175543919024554,1
-1.578019884655048,-3.0227320267422186,1.2196374957794283,0.9626879917061919,-1.5215206825823708,-0.4088205332554054,2.0833867505563943,-0.7774009139101667,0
0.47953427455535974,5.996722129339646,-3.1407452633390065,1.9102625702018914,-0.1658282913793056,-2.7919617589993657,0.7670703111690877,-0.41296258591527,2
2.6077709370191626,3.2509217034567377,0.3743705631938695,-2.5786228909318303,1.7849908622457933,2.863372098569775,-1.639742277274343,0.19646798736699378,1
-1.0226836251485982,4.822157271244402,-2.7117317023869694,2.0870791415115404,1.5133592468319519,-2.677283126761167,0.481878126994041,1.3068078052309744,2
3.606456364489528,2.432377739333988,1.4137745601013898,-1.5194093974228182,0.5523347363171998,2.2561414457361493,-1.435931492532797,-0.31050885170337694,1
,,,0.7327834742011696,,0.34088073654990725,1.6714183618580933,-0.9912541168906188,1
2.71570644817031,2.280047031341111,0.8479994708465801,-0.8058590741958496,1.1536760986320016,2.8877674541967266,-1.9080957185648473,1.4342606757519505,1
-0.5777031233661337,3.879897148533504,-1.6777892781486736,2.2987246454509807,1.4568174210082243,-1.6247481228381013,1.9166362383267055,0.9699498824636883,2
1.2107989535244652,4.071882934134617,-1.465132772453803,2.8423800353701347,-0.7480074508776585,-2.350333206753868,1.005156156495261,-0.09723452339379146,2
-3.2691850770125415,-2.5370352670758045,0.05092009545200743,1.1618974159203552,-1.7095365354262053,0.47048002056750576,2.3325896471436063,-1.4843535873222269,0
25.69737055572185,24.69830475484754,6.571080619879855,-16.60312495864777,3.7276354046182245,16.730233141083573,-12.046367350005687,4.593811495684944,2
2.761372394388488,3.0750085509875262,0.10452221947731355,-0.6316585873132731,1.0440379969527136,2.5701187465954316,-1.6988693037525482,2.3475089612150963,1
-3.1757718116258387,-4.736495956989179,-0.19749303820167274,1.8630313538718877,-3.4445959965100004,-0.24326638853546345,1.1739994550729187,-0.43680078889061447,0
-0.8286049294356972,,,2.050301324204095,,-2.7784567840779006,1.3836613928574995,1.7409529461637305,0
-2.704397686612248,-2.2520765529289912,0.568601339869568,2.636491583420516,-1.7646275042120336,0.22686245562403293,1.4408359785749125,-1.2460673146003052,0
-0.3318593473628779,4.589076421208051,-1.4704592995548529,1.0525939477634327,-0.3654773375009314,-2.2448390385090047,-1.0278963079600922,-0.1837659451524799,2
-0.7614964262268475,4.782465643217746,-2.778632340346949,3.018199033557041,-0.4640762328788274,-3.349123664094053,0.6305335975480739,0.7356950342294141,2
2.3740018846825635,1.4530388782686536,1.3953195809432848,-1.8485470166227365,1.5927987969269566,2.759691757457687,-1.0783530127752359,0.15718816031475857,1
-1.868653222844155,-4.44426679376332,0.08622760236622612,1.4136344259553482,-2.6071160796177595,1.033164333637456,2.257849628890461,-0.4073912099096172,1
-2.707050647814731,-3.093819054566556,0.0742321894638992,0.4564679142961453,0.3702343658296794,-0.18443407512532475,0.9801102054531126,-1.4887550218128007,1
-2.475543950959402,-4.181143386089346,-0.1511852810890355,2.061458052707735,-1.682629876100595,0.5879458235929585,2.1658687721034724,-1.0734707092001208,0
3.5055919030246017,2.7336970673125918,0.8016597784047504,-0.5722986281223181,0.35970170445779037,3.617919501895688,-1.372327549693287,1.896660946146297,1
-5.075170186489156,-3.380446855552844,2.1942905085731814,1.304418990024553,-1.8917006002346426,0.3255561466502144,0.90732915290389,-1.2081263538883449,0
2.4625431081879947,3.0239105604785523,-0.8251558703479385,-1.7594729124196036,1.5255106080784167,3.0919727579173255,-2.8589198844181385,0.7331912846082995,1
0.45433229026897853,3.74100427941525,-2.2048699053462992,2.409914033018708,-0.6667580976654546,-3.178907615967659,2.0547380144829925,-0.18415243378506607,2
-0.08758961977131668,3.6506223279135592,-0.7693617132805761,1.75108126049312,0.4625405444911534,-2.3599646296552454,1.420567384320839,1.694800546917131,2
2.7242686890089884,2.0648578834259963,1.2658265319490878,-0.48184385547601893,1.115401086157221,2.194080884672999,-1.1237991609026459,0.5002034319357247,1
,,,,12.724693406616867,17.994849050401424,-18.19267702005186,8.366982452648283,2
-0.20241507888742857,4.836821862072176,-2.40999807029243,2.602812621185273,-1.009726795591962,-1.7390389675232962,0.9269122712050287,1.3111606024438083,2
0.8897503096020996,2.8579482302476222,-2.203324221898315,2.2859466740437884,0.8068780142370992,-1.4000235021344614,-0.01512555914718372,1.487817021904493,2
3.876430494589064,2.9630950367971036,1.7097277838719287,-2.0298708244348336,1.999133295643173,1.9601860665300384,-2.6559812826960556,0.21310163728494758,1
-2.530140391870411,-3.5422562993834443,0.09610254003572655,1.2196733140749854,-1.8442231938110942,0.6249990714260687,1.4578429569406233,-1.4332625868139544,0
1.7834511115365967,29.359126710628352,,19.87150593008775,1.5736518307261478,-20.819558453506634,6.5944626047051775,-0.8620945744823976,0
-2.3202955648285686,-4.106237522491874,0.8126630606952323,1.7990365376722524,-0.6581094354246979,-0.2986234881413697,2.815461111631689,-0.3505803203141564,0
-26.11571658344632,-18.868655929982427,,12.827200282307949,,2.1109075998940843,9.688867702875164,-0.5596660256431587,1
-1.0773359153954793,5.170959001340238,-2.6038696609776815,2.5918368425403773,1.7980112633631293,-3.173658296376844,0.4932891416209154,0.48774038399387976,2
3.7765969324344395,2.3819941398166797,0.5915336348462716,0.14549764863916548,2.1080073564137387,2.249393485876284,-1.2988335032495146,1.108354571166687,1
0.054824484217251813,4.358020425438,-2.0990297655339196,2.377696328925703,0.0156850686923609,-2.1219083231292433,1.104531718271668,0.3009537283768091,2
2.4292994998438258,3.211428808570227,1.5466521046764319,-1.8896669861838915,0.5119239217966706,3.6721021776767064,-1.2539004519262786,0.7065315403287104,2
-3.2030460417560764,-2.997106982141594,0.679544384910478,1.3046777700197445,-0.04630207189868352,-0.591724325484298,2.601332240724415,-0.8545745816701134,0
,-2.6828868705814797,0.18502073269474562,,,0.7499131772507309,2.4220558606286557,-1.0910182430489428,1
4.18287583430871,3.9395276063412528,1.4429873926461259,-0.7350731424949102,1.438428664313176,1.6172133880570057,-1.6513205563253759,1.0709800233836797,1
18.085028041074903,25.782811668818507,,,17.819820213950738,13.350990589251264,-13.322609692502839,9.056781395102819,2
2.701588888390339,1.1630832557490083,0.9154619963281951,-1.119083433791111,2.0773199225835772,1.1795865504116345,-0.6866935473955166,1.574419506498359,1
2.9543868673015163,4.1691962945514245,2.2000202759890213,-0.30887383418113445,1.7362451971731876,1.796425527808236,-0.9969648622262629,0.8893851398772114,1
2.711826721362657,1.6970271713452847,1.4843048156359449,0.22482774361240687,2.2907065979592214,1.1084869192790578,-2.560426085047654,0.40782258074186173,1
3.218898805492361,2.822313707212127,1.5210335121247733,-0.4573395692044999,1.729187766638278,2.3210522064665433,-1.7502710759881746,0.04257227084205861,1
-0.32940074020764376,4.391813676169152,-2.5374855587942484,2.504966132727928,-0.194723635166253,-2.9278977759468727,2.1128895637320886,0.7906679457931347,2
3.2261582805565303,2.778712589622059,0.22886471929801666,-0.5339168315352989,1.5087596315950713,3.121850267384255,-0.9469471153694381,0.004766551667019225,1
,,,-1.5139034226302681,,1.7874078933626232,-0.6597057200628597,1.2825116491967719,2
1.8849171841038999,3.030932943689227,1.275391063626366,-2.001177298269657,2.04398992149287,2.92077276081401,-1.8837113873905922,0.8792346098112112,1
2.0715559323654587,2.845381755414399,0.6809924924116426,-1.0972382688935702,2.0938845142739866,2.887913039557521,-2.0240776159700733,1.0956894423290486,1
2.247298133845038,3.6088328310154694,,-0.6179443681050332,2.268129255042007,3.018897236889515,-0.8635882784502865,0.19388452661443079,2
0.19745039735910977,4.886820826248232,-1.1658299950627538,1.6689618207228434,-0.9184000102044534,-1.620506760299656,1.1917919310110996,0.3414463278141473,2
17.45354375141395,37.82025055064328,-23.29299986856018,18.902939980039335,-5.458781489552457,-22.216863009663527,5.7454982245742,0.7126634100245228,0
-2.992105612366938,-3.0686514979727555,0.04551595627290472,-0.039893402261749866,-1.4351243877796973,-0.5378489616835387,2.0601954365233377,-1.5558304791891975,0
-19.618838082461096,-25.067645922028895,10.558983723416988,12.204866336895055,-1.8043815171779123,4.092338270376411,7.196574568341854,-8.374937768229925,1
0.08289422500556473,4.20591595914788,-2.0313802190311447,1.5892338524280822,-0.009628065726461384,-3.2579182197271717,0.7231893439802101,1.1477096947787033,2
2.3102353971510836,3.831844944423744,1.2482348125425158,-1.1644505997737906,1.9490030893136017,2.506252311177489,-1.2318907946838213,0.42820646833718157,1
-4.092842045532216,-2.619999242865683,1.2171588727986828,0.45177409679938274,-2.295845806987304,-1.5092161297849866,1.813510526147376,-1.4071157539971235,0
2.648860010539668,3.096337223645107,2.346539054295903,-1.2267457317499857,1.7041977063658746,3.896322492886379,-1.8850109048607888,2.2702727442502786,1
-4.330455992833561,31.01699883717557,-12.82229998992543,16.51101018846081,-1.504036339430206,-15.092131861471916,4.953027782961533,-7.0063842085998385,0
3.706780016963175,1.9839826729387096,1.1604279843489211,-0.9538178478257976,2.7000662242496216,2.3389046648218534,-1.620120418862549,1.598471827215282,2
26.948720602764016,,,,,29.45039267651595,-5.826187519538878,2.063138173449704,2
-1.3940493437147754,3.774631319191813,-2.402652789294549,3.061555674508598,0.9068278569092063,-1.7280524268706992,0.8927083466764371,-1.1991157713566092,2
-2.16602725179601,-3.48734843610593,0.6567771998614134,1.001399549490561,-1.30263089282409,-0.4890763051893808,1.937475718109486,-2.1186366626936994,0
-0.9107591049241168,4.506968910004197,-3.3043962039310193,2.2919877078918756,-0.9744675613707944,-1.3520426951940812,2.5155998163359707,-0.24073797163944788,2
33.46300667446968,31.516220850730022,11.543899141169007,-5.8805851399592814,11.507429314505409,12.937707104456045,-13.210564450603007,8.567840187069438,2
3.677771914659906,4.692463875281512,0.02733365344731198,0.020719565235376658,1.5490948628562893,3.0642701517600957,-2.6534439987731298,2.0276572758657077,1
-3.7821688790927253,-3.3210726994575333,0.2947658893458667,2.356061813700662,-0.7258046410648914,-0.673463781439139,2.24339591671567,-1.2849547654452276,0
3.9166679455600804,3.93817808066628,1.3618933305127991,-1.3185821338270671,1.3323702544185736,1.9370950268975289,-2.1963411833200515,0.26890845818409737,1
2.670993896689257,2.0241189093726097,1.4907252188104747,-0.21751591961519445,1.2823653295491992,2.2359350281326087,-2.1730957737852807,0.8950450796727034,2
-3.0571114387795846,-4.193956551210862,-0.6309608375244746,1.3374467848678677,-1.8659030873187763,-1.7953210392743968,2.5493908256256947,-0.8093411713080321,1
,2.552996666736085,,,,3.413312189875064,-2.183086836064506,0.48623584587024726,2
0.1613427504008986,3.991471276829791,-3.2865730381384823,,-0.5241305913337636,-3.0411654466085563,1.6790410131453224,-0.3495219446973996,0
3.22932040898979,3.399140632738464,1.9888255304453624,-0.3441234206599608,1.5499062294482058,1.6797691536817054,-1.9200036922977834,0.8462581936578093,1
0.11460557854061271,3.797417417456825,-3.2172910590399377,1.8892086236429044,-0.03340191271930127,-3.9738774947462887,0.6189747454090757,0.32667087681290186,2
3.3536872611529396,,2.249463686016097,,1.6177440649778791,3.0980692624748603,-2.19088582905725,0.6175729490411332,2
3.0805919572554665,3.6610911079781907,1.0956215981088906,-0.14012394216593083,1.5055958206841693,2.4192655036348647,-0.7549814696269724,0.3150913839709959,1
1.135759896660492,4.295029150709581,-2.318864086713654,0.5193462884256757,0.4440797138129359,-2.4292911522366816,1.0699479596213315,0.2180227302224274,2
-1.0627948755774181,-2.41583211684166,1.234649024104323,1.5907558240873487,-0.46437649930346514,-0.1330501710305214,0.5616670846272944,-1.1320102931042069,0
3.8651989379343754,3.217986543215473,1.2569374686766217,-0.049271097026514776,2.309438907829316,3.0357397752954,-2.4952091429262238,0.5130246163383215,1
-0.8884431999538357,3.5550267021966553,-1.6307798835971092,1.255630957185626,0.9885353648330386,-2.388198530923122,0.9693101582825272,-0.2243361583854102,0
0.7634015111616937,4.3868619651826135,-1.5125683830187993,2.642249633606285,-0.9814497274708384,-2.5634607230160227,0.13506313046992158,0.42431541324815514,2
0.2935244959681158,3.9853624932863787,-2.9075558314472967,2.272322260490076,-0.658174920220153,-2.172715145617204,1.3164151450489585,0.17578225683253046,2
-2.7970801668571195,-2.889937009594665,0.353677420780806,1.4749667659800196,-1.7595447186234432,0.1648989094479257,2.6103540565636156,-1.3932645804679127,0
3.6935332141974992,4.468257429831198,-0.23327187265533844,-1.2423134480442888,2.3853458929350246,1.4871381350020791,-1.1033212651202395,1.8550305401452993,1
-2.489199028351404,-4.110968810558769,0.5175900978512233,0.8460449433135651,-1.260943920124238,-0.009057137672511642,0.9824805040478584,-1.8836725092000157,0
,,-2.3238051931009593,,-0.02864131324137461,-2.444630125617925,0.6915546919295221,0.8240067755784337,0
-1.7439409617797488,-2.0796344899458665,0.42318607285887144,1.24690411411844,-0.9632239897510294,0.08482456450962336,2.091534931538081,-0.4233728076866726,1
-2.8849265079158886,-3.273324764623967,1.7934775090692316,0.8780790863365295,-0.3324786722163362,-0.772618488447405,2.4110814167619545,-0.7764198153461399,0
3.344016812957713,4.444726174959667,1.953720770800149,-2.3271896394022447,2.494753156648849,3.155480291910253,-2.5817099618701302,0.7877588683026517,2
2.8165270440787595,2.4918992455190025,0.14914799880801344,-1.989462126556857,-0.13782368099517783,1.7605574755475795,-1.0607542723297088,-0.11894897240929803,1
-26.611932433641634,-30.20929665965302,5.284978040967206,5.07449038398627,-14.636601283543001,4.140225743779458,9.49429318996766,-13.07004519101826,1
-4.751189890911758,-4.192795003827262,-0.08312570595720803,0.6095897787533497,-1.7858720390783085,0.027006786086641945,1.7817775684242871,-0.26546227261961497,0
-2.74873049154397,-2.967759302996019,1.429709634627058,2.177668509738069,-0.7065019079870626,-0.6590763215608607,2.140941397250445,-0.692338698996,1
-0.39066089986940233,5.189677736481643,-1.2816906034594515,1.3471752625659354,-0.5727186625301537,-2.8248030708393745,1.4193622623156763,1.3001529119539592,2
3.124264857861936,3.0157362073076155,0.10442693845495266,-0.22260608179506258,1.1485124097416648,2.047066652413891,-0.6031386053661997,1.81075586815717,2
24.852882086264987,,8.093803970801757,9.807241137411676,,21.093579751542343,-21.578621077610343,4.9566781671008275,2
,,,,0.12260459217004159,-2.582301280597144,1.3812741780204782,1.0819429357133934,0
-3.301320833423371,,,0.7853118985218439,,1.1876106780795954,1.0617506543851574,-0.46110017486125177,1
,1.5407759731421535,0.9044684016851526,,2.6722792667189763,2.7487633474690676,-0.12659603531042674,0.9699412419302785,2
-1.7284311027019263,-3.6168669132052353,0.6522082907122829,0.9749226773338312,-1.570208367210386,-0.08002551760332334,2.0749735210066302,-0.4064288795754102,0
1.4331845947019564,4.4828837268773745,-1.021870356271354,3.125543481226608,-0.36463109316426384,-2.859058780492847,2.0124204285537437,1.5237621328339843,2
2.195588496622955,3.0072348942276483,0.7142787768077321,-0.7236321101977365,0.649732170884007,2.9998796239873107,-2.3286313679421364,2.1499140113563406,1
4.316613414905494,2.8968981805258096,1.4064358336128897,-1.9646709390738168,1.170299817125525,2.0293788935757098,-0.4711933648440183,0.5899304752148821,1
1.1720514681307752,3.996417326219117,-1.0259967745212815,1.7711325345815205,0.05094429895908426,-1.6718262140163516,1.7919500065773226,0.20581947160983544,0
-0.29586134935503233,4.918453619170709,-2.2441828861700603,3.6411932355098537,0.28299556813494436,-2.3163477489778894,1.0889508637006564,1.7181864991526006,2
2.9437211242658883,2.5322245978818003,0.16948641526521002,0.0038127993176657604,1.8529452629741203,2.4791182433388164,-1.8953623457716984,1.207318709240118,1
3.344016812957713,4.444726174959667,1.953720770800149,-2.3271896394022447,2.494753156648849,3.155480291910253,-2.5817099618701302,0.7877588683026517,1
-2.786698044171898,-3.727988874368347,1.02531583706452,1.6583953014738495,-2.8657246320576855,-0.9115256548036226,2.0894882822170997,-1.2213698146405076,1
-1.0489846691601812,6.102650430742028,-1.7289067606148176,2.273279082695587,0.669289540342539,-2.008388049085057,1.9176568449205083,0.03635654792407261,2
4.764496084510578,3.6199799575569127,1.9130310928623346,-0.443329891548369,2.797005482457001,1.9490986115692206,-3.292516169961035,0.6877120741529819,1
3.4376483514056257,2.8045453565518215,0.32449109265434284,-1.1946674050915365,1.6581018854215865,2.727419303177209,-0.1851346076048095,0.5317634619976064,1
-24.05957658906188,-31.707769994836507,2.2292928543453474,10.0460369555571,-8.567393869342245,-0.7895322256887441,24.577961787365894,-2.35793968247527,1
-0.016936421761948282,4.106052316722803,-2.0049325783748393,2.9985619142924325,-0.2879339625892086,-2.1371116262257353,0.4310771272679812,1.0313353958655465,2
3.0817320615107966,3.1194389585333573,1.9173006505820624,-1.4194384145230456,1.3051777082018372,1.4237899356113513,-2.3287075038479816,0.6375399981114207,1
-27.608455873192927,-24.337410339847207,-2.002990292825227,10.548132833946111,-3.9072946412114113,-0.4331946069967828,14.897440087258106,-14.24185499318039,1
2.767205772965148,3.237714836278629,0.8753275732262566,-1.9894560187737296,2.1923452349628776,0.5828319941396667,-1.8124556085199046,0.5658610818122589,1
0.12897865568318734,3.9525454884321465,-2.6940852188022864,1.697589365989932,-0.30630131488889045,-2.3252760582895404,-0.3382706118260532,0.467552408193464,2
2.2589539124324127,1.5407759731421535,0.9044684016851526,0.013399088291848882,2.6722792667189763,2.7487633474690676,-0.12659603531042674,0.9699412419302785,1
-0.7049267569995764,5.654002306081707,-0.43234798424938425,2.8347964905111245,-0.007604622688737132,-3.4064768849321023,2.082503727309236,0.5534147675943325,2
-3.0052971076418054,-2.3487354996639755,-0.03986111636424716,2.1601632841627474,-1.9791892169258605,-0.47816426110962224,3.0761502863284615,-0.851977893345258,0
-2.538361050023673,-3.2778396888664543,0.5796237074403005,1.5157855716440358,-1.823789001427206,0.6975884191488828,1.3044114860254619,-0.7937850102091346,0
-3.571078653589103,-3.674642631064072,1.386413190018556,1.9606396400065627,-2.1937744209111454,0.6775991631877051,1.9391280170757854,-0.7621339978566987,0
0.5350606074400566,4.497966546481823,-2.480267649918561,2.639877287656112,-1.177949818807566,-3.644728992084397,0.21586974028924522,0.7446690873267997,2
2.876090489746494,3.0427103987899438,1.6225894195671677,-1.0694482146582356,1.7793722437087771,2.1208797889962554,-1.0995329934810627,1.2630112083286495,1
-2.663279934665441,-2.644590083853223,0.9221047973986736,0.7386137442232824,-0.015199618156432892,0.1641017815374684,0.6962606731626435,-1.7016630220363522,1
4.007960197370463,3.272864704376966,0.7888234567084079,-1.4450617895833415,1.2879519442660505,2.8806650735425343,-2.0650706638215914,1.5301966726352667,1
1.0346222560288745,4.009445172356741,-2.5061052799062424,1.6900099459842597,0.9143997705635123,-1.7152969151585884,0.9258127400078493,-0.477269437414816,2
2.953665157117867,2.7145884598768966,1.0181734794034536,-2.4019696169680804,0.9680924522585594,3.188267978611783,-1.9402617484529423,0.41978738603981003,1
,,7.009629583673088,,-13.059775900782993,16.97786952461955,14.725835273965966,-6.570917230166308,1
-0.33483617194395254,5.311367510865929,-2.274916304760697,2.9423367665905467,0.1256936616410341,-1.9792686883998591,1.0769628245033391,-0.6643781886402707,2
2.9608381975683122,1.4185502856956722,1.1508555785112295,-1.649826891552319,1.8399822714333607,1.6027041265899342,-1.478995423028342,0.8017856697794459,1
-3.3211883452045106,-3.297341609455164,0.7198540567088594,0.827966949990969,-0.833562442802077,-1.5762441034333325,1.4213064671581739,-1.547691433773012,0
,,,,,-3.7053658886826204,1.5735386441221084,-0.2604243905170349,0
-7.68022996887365,-33.95112518022602,5.814470135463887,3.742935503734129,-8.766545565892201,0.26072185063602116,20.266386734637795,-1.4171631715508353,1
-3.5053961778156983,-2.8429974204081527,-0.39106670011781264,0.5488809645820987,-1.9733726881545306,0.6289886960998313,2.560503385168759,-0.8062261894684255,0
-2.6113980226386184,-2.9690480979698717,-0.06638818945872782,1.0473698806438967,-1.5196124494270207,0.13522710586923883,3.5445677149982813,-1.3666409449788648,0
-1.1992377941211891,-3.5250012153739583,0.14481959651970233,0.7857166660780323,-1.8431555050271426,-0.623014524834522,0.06612714602837988,-1.3042896316061938,0
-2.707050647814731,-3.093819054566556,0.0742321894638992,0.4564679142961453,0.3702343658296794,-0.18443407512532475,0.9801102054531126,-1.4887550218128007,1
-3.7602515078287353,-3.880167732486959,0.8570971009294088,2.070519435277107,-1.4547872401397448,0.400569694131092,0.7095168077789034,-1.4742580819842366,0
-3.0917606554814085,-4.281634078093271,1.149807894097939,0.5764995010338883,-1.8737301668614883,-0.7488266879027828,1.5420017063187113,-0.700476691513558,0
0.24565315351828856,4.840619298424027,-2.365656451468906,3.8184644412408306,0.2954666858816198,-2.128031614070613,2.2312188570582276,0.18565686232878698,2
-28.552470133737824,-26.326000657006237,0.5722579252650748,7.211571036068243,-6.030510707589197,0.8794719776939298,15.111644912583346,-13.799661015824544,1
-0.485312959040297,4.527882237756194,-2.2100805650895095,1.710252506005975,0.12435596363491166,-2.790844864967437,0.33322433359302017,-0.5353927878992333,2
1.9513227608463672,4.120612586573964,1.1400037157527787,-2.855156483108723,1.2616457334777127,2.9577634746460584,-1.6659167111278368,1.5005040676955013,1
2.4292994998438258,3.211428808570227,1.5466521046764319,-1.8896669861838915,0.5119239217966706,3.6721021776767064,-1.2539004519262786,0.7065315403287104,1
-0.4426592704910756,5.38443834092762,-0.9349084133484589,3.4659389604879514,-0.2856761331745036,-3.167641827555561,1.8938815625251142,0.8807350418139889,2
-3.64242747619226,-1.0333017209325257,0.18403088432492343,1.0504123493419366,-2.4067388291262244,1.1942642306893474,2.783650476562041,-0.7921588904847212,0
-3.4355452117063026,-1.5577912806331453,0.34219798554033054,0.10608848852084041,-1.4510562933036222,-0.7533716402231376,1.4737709065305498,-0.7220766899891562,0
1.8227359703606243,3.078883840290878,2.109682849929701,-1.5324290671073366,1.5015043562993802,1.5871886199404552,-0.36093820083549955,0.94166716110237,1
-3.6057399824712837,-4.135347588781146,0.9301080860247322,1.4418668296470034,-1.1638311932417633,0.28540985873262714,1.7756217351637165,-0.4487621069301324,1
-3.3797904740782774,-2.6764512576925625,-0.8098526812426909,2.3036222929764163,-1.0781432875854509,-0.12774988985518315,2.402882556999926,-1.986873600263467,0
2.7538244342726386,3.5430266103149366,-0.6930299978870003,-0.1064703820533498,2.528134621258207,2.5208836509886465,-1.108860275683569,1.390960627125294,1
3.513137515103066,2.9326505619502607,1.7988861786572587,-1.616502544498009,1.7451487485009682,3.092321424119504,-1.8132245467445371,0.7017401008382542,1
2.9552905904128552,4.415476265597433,1.032416975355898,-1.6482546282453445,2.358858613505157,2.941560114902214,-0.9911889954125035,1.833420475207543,1
,-2.347152809906216,0.8387876057660689,0.8174200791167918,,0.5384653456259897,2.855210066352315,-0.548809111611214,1
-3.569058766717228,-3.2907500821257796,0.07153224065813435,0.9014463795085303,-0.7538138384486496,0.10993399721174123,1.8889556140729182,-1.724957626978068,0
2.94856493688672,3.2982867627735986,0.9836039285594292,-1.3504327021920572,0.4155199765590296,2.1424158086628893,-2.2515916889024608,-0.20862467678664487,1
1.041017035420734,3.9603936795332353,-2.3385118165962098,4.026963055714975,0.06738287483828072,-1.223646619109735,1.1448001220930548,0.6723261976278047,2
-2.1353268281828095,-2.990651085919429,1.2734583422704078,1.1938710726535557,-1.1790086046514818,0.2541064734001616,2.4882418183447,0.5942013139892688,0
4.970113217286313,3.262680234716715,1.266580476986371,-0.6324328182191817,2.8139955327321493,3.054755188170825,-2.6235391853027465,1.982429269337253,1
-0.014011921021647803,5.280781864167862,-2.580980943885842,1.327537579517251,-0.24661115269708725,-3.618405202511969,1.0102712170183723,-0.04631788715606555,2
-0.33483617194395254,5.311367510865929,-2.274916304760697,2.9423367665905467,0.1256936616410341,-1.9792686883998591,1.0769628245033391,-0.6643781886402707,0
0.3931472104987246,4.108935041069527,-1.2258054074104274,2.058230384969116,0.1144906079766875,-3.405158525611053,0.2767031408642734,0.5359706693053304,0
-0.9664529815317153,-3.820096640177739,0.24222573024837862,1.2390888856583566,-0.28991164891608534,-0.6907999548997662,1.8283055078405233,-0.4558636967567792,0
2.887139398173439,4.322565682212147,1.9695417389340484,-0.7518647315031803,1.4822940141045333,3.0909408334850195,-0.7090207241247105,0.41912713245472955,1
-4.050468581947287,-3.717787089444533,0.1235320575500024,1.859894568596106,-1.947652373621233,0.4481495615301311,1.623178657996894,-0.8264367074036876,0
2.562063125519023,3.753006077245934,1.2497294032158506,-1.2131344654225689,1.8125227148716312,2.457935426571408,-1.4911950483537166,1.4597729687040963,1
28.007013089542397,20.490863266729818,4.166331342564012,-7.446073318926579,17.635786674670594,32.809720003657624,-20.441894718761137,9.765915299604837,2
0.6555004956265479,4.375259339995884,-1.2836131557861983,2.7963131389463713,0.20158249559990393,-2.761807839118192,1.1626993298430617,1.3349969004668965,2
-2.5513064964235186,-3.0792178868102282,-0.20887869597171316,1.0886176971943855,-1.908576249764327,-0.3698982917808679,2.424403809276096,-1.936867687926691,0
-2.4706262854591357,-2.734810177579124,-0.36436916083803494,2.009613353830371,-1.8505213206298412,-1.1585667402296287,1.2684694032895885,-1.7147316124748253,1
0.389367394481296,3.19982921639956,-1.0992637972300616,2.2556340856620576,0.3726809143665002,-2.0655010125400173,1.9595575925346882,0.4265998285518765,2
4.493212362602327,2.9566817354108235,0.058923637701686404,-1.941321322421489,2.0435958861981027,2.4581776747276893,-0.886218372755163,0.6264560255884554,1
-2.4209790402651445,-3.9316140768294434,-0.6676242199223676,1.5766046489306547,-1.9220848187969026,-0.27455820904419814,0.700232718641884,-1.4752855200463875,0
3.344351140949416,2.8759077369612003,0.9814990316815118,-0.24922664470286382,2.031326001489525,3.430911273892902,-2.8520752744613564,1.1773785420548406,1
,-15.815911963443668,-2.199455819443532,,-8.397369949741352,-2.2097886880137017,15.971317546367601,-8.91528023173727,1
-3.148213661781076,-2.6508963912511936,-0.9750346431307815,0.9698064872513648,-0.1017400755366662,0.0926425544818708,2.047539218418535,-0.6163101342504628,0
3.4694300173544943,,,-0.008138908946547119,2.065241063816064,3.057110391615535,-0.16384674908012342,0.5072844612651416,2
-1.711121069901167,-3.8851012528240494,-0.3187270017351791,0.08864580088554685,-0.2908071993603294,-0.3236377938649008,1.982052657756628,-1.2819480587743677,0
,3.4132177661887093,0.5371902899704509,-2.2921152122387767,1.5863165831097208,2.1703882841989675,-1.8080623074109923,2.382740182491868,2
-3.5333821208171803,-2.8959610332880183,0.7563467184487562,1.29223037111941,-2.424342288909926,0.5982800110948931,1.4398518123787047,-0.5569994597748855,0
0.1917187567817775,5.198169208594457,-1.6366505009547312,3.7326167980226126,0.36562927999821804,-1.124755136081839,1.6307551881663591,-0.7640250880377837,0
-2.786093865668264,-2.37434087784518,1.0266686128988747,1.7985689525529667,-1.501342880006338,0.21242683057166878,2.3580595913434337,-0.900840311826282,0
-3.0571114387795846,-4.193956551210862,-0.6309608375244746,1.3374467848678677,-1.8659030873187763,-1.7953210392743968,2.5493908256256947,-0.8093411713080321,0
2.6241916069904407,2.263650524614124,0.8362836423574453,-0.22916522663456107,1.1354877460212016,1.8906276190894094,-1.3911750289415996,1.349315820502421,1
2.875521992297917,2.4576596030951476,2.0017694159125083,-0.8027340159215135,1.9047084418051652,2.4033670473029263,-1.723071163403763,0.8812895392518968,1
-4.120894555983197,-3.5558954030177965,0.8077456242118954,1.3669314899689398,-1.3066080744700124,-0.9889361187246565,0.3829275943571493,-0.9619524902267325,0
,1.2225544577530356,,,,3.6846206092824687,-1.999891764540036,0.5239515921801129,2
-2.1061134174613696,-3.7009040029295805,1.6785103466766156,0.6283164468109996,-0.7685890312819008,0.04759063823576219,1.7114954350801228,-2.265387801842453,0
-0.47757065729313497,4.388229542024263,-2.136839635396288,3.7854965951893957,0.16257261490670025,-3.629512868371597,1.2927269531107353,0.8819646059207851,2
-0.2678985628360681,,-2.7187740957414555,,,-3.372755736936918,1.2711478335960926,0.14607110817102192,0
-3.0061562826399,-2.6407601322459735,0.20680587925247318,2.560812288986684,-2.597551291501349,0.882656126494089,2.9575352155046795,-1.5965111641759155,1
-0.24882666721318264,4.1018960986136515,0.0713634134501695,2.036169394878191,-1.4480738677200793,-3.6199523796711848,1.5315118358868043,1.435516884178191,2
-0.7260756623859359,5.302721223814788,-1.9548024179288266,4.2458159714673345,-0.2555685832075279,-1.118972901653664,0.8902457465129714,1.4352340180810903,2
2.039757109546322,2.8231981734061584,1.0718828396681261,-1.3521017589031281,1.6958741855133868,4.29515932280493,-1.5851190132425796,0.6952160608008273,2
3.0304150170460202,3.1721631165773196,0.9799251986276405,-1.0368284651387722,1.9291309468395503,2.120543441963849,-2.163380434947423,3.1166470168356737,2
2.9457927926574583,1.724629239302344,1.7861714771826263,0.4455169803905987,1.5560578372361598,1.0124929125678885,-1.0737766383960783,0.36713758369564387,1
-3.607735401448546,-4.1448242739205,0.6658640280821648,0.9415858517413844,-1.807991393170796,-2.068933177041549,1.1268777712140818,-0.21541154401778329,0
,28.226004256166608,,,,13.364194833608401,-8.909052580688646,-1.8818498933519034,2
,17.577008721707994,10.401298019869897,,,18.865165637518835,-9.908734021992812,-3.3594287454566505,2
-2.1364337103407807,,-10.623602602039036,,10.058130015653267,-16.291605061324237,5.702751232538693,5.342088700730169,0
2.2394254816359958,3.7131678702447197,0.34301881688353697,-1.4722537527276267,1.0875103986552026,2.446660742896137,-1.2737616821989048,1.3385909755259595,1
0.6186494728833728,4.228532520238009,-2.2102225812127507,3.4676292121275254,-0.24768102629718924,-2.942789225443108,2.310564272945517,0.4666256228702894,2
-1.9382112550250534,4.668644498719307,-1.433150667805247,1.8618363366818729,-0.32950674557605475,-1.8534420912417613,-0.22515082539224918,-0.42509984853968186,2
-3.2862293631461528,-2.9711739857555757,1.2998124559530804,1.0140261036064182,-2.3393819883016613,0.38071390287852613,1.6605071930167932,0.3215467800706262,0
-0.31384952205083544,5.498056831504078,-1.9949512760164556,3.1274217713234966,-1.1492588334857614,-3.621392659244426,2.0060697204916638,0.5708507560300773,2
3.345402391728587,2.9717603294261914,-0.5366286225655459,-2.4157129392304357,1.5905866758271083,2.249356131300178,-2.2740846275064825,1.0458728065810354,1
0.48784306371707303,,,2.972305442875168,-0.3956316197616203,-2.119247814071662,0.8468392508160899,0.6666275653814642,0
,,,,,-13.91231174018637,7.41529816964023,10.489284819550466,0
-2.4220004510022832,-2.461072813107665,1.1774077707456314,1.4036958530803811,-1.6710301986256704,-0.11463487288554115,1.7007049447855127,0.8443185280904999,0
0.27359711485299093,5.529401617457229,-1.1363467145305024,2.824064306820604,-0.8326519350369168,-2.8677149025398903,2.3536700791219722,-0.49171067426489357,2
-25.780276672319392,-28.855229435411186,,,-12.9304839149185,10.540179329142676,15.049569140045882,-5.682763023734802,1
1.7838046496565225,3.782301937853209,2.0577955964513945,-1.258618736476624,1.704268937198417,3.2833609593957185,-1.8267524316304637,1.607442864368327,1
2.6279801683852435,4.326768537833667,0.7341848365052568,-1.612576749536287,0.8044205561101346,1.2862543177392365,-0.4271604753248106,1.9597471735380632,1
-0.2899799169083813,3.8147244798653817,-1.5131133050940533,1.9519112732771375,-0.6256708454163407,-2.775078204882088,1.6949872150874061,0.6504133215272794,2
-0.1363321587114808,4.889309805639363,-1.547583396629553,3.0119811506027503,0.20264108578787665,-2.3643114439126434,1.0702340028859814,0.09680426843635875,0
1.866794294703867,2.4200120925964783,1.201117421803195,-0.5654716255514702,1.8062139044030732,3.3229797822617115,-2.73415991596375,1.831835576851256,1
-11.222855887254056,-22.33393800136089,8.965850704666536,5.261166178534028,-13.041357392241874,-3.9959022956739876,1.1504333244524698,-15.716851950348051,1
3.4205216140193304,2.372737834556954,2.267887377091384,-1.2462034130651591,1.3116819181413433,3.5060813563052533,-1.0387625908633895,2.5407721971282156,1
-3.265773529593721,-4.261999337492518,-0.026512607647264264,0.3636279779776509,-2.1098512504180698,1.4006741711131074,2.0394880970186997,-0.8282402937032676,0
-0.15800623511374481,3.688627834642679,-1.6615418126529335,2.229885321071328,-0.4702522299842327,-2.1509391132652986,0.19939895541799801,1.039351549699056,2
4.269615249220303,3.1687977844000152,0.8126610545727451,-0.497156427068414,2.2051093471506786,2.099985300350215,-1.346392028966048,1.648592048451941,1
2.1816929689267437,4.72753131883041,-2.9116249835700225,2.362867497504917,-0.6823476861940572,-2.777107876207941,0.718187278071775,0.08908292625306535,2
0.9827692374850084,3.5041739810663666,-2.140148966735749,3.2320814142324883,-0.021129400002096833,-3.1855759168319384,0.05592704053822972,0.3390005627805525,2
-2.730662019056505,-2.933871005726253,0.5075614593992106,0.960491232179025,-1.9036889422492516,-0.31463840083879296,3.035713261555655,-1.0759756428796097,1
-3.0854587215799745,-4.534780443565186,0.11634894672862395,1.8623125940025123,-1.1128462490823285,0.17423951907252067,2.706067849168387,-0.6608825925261046,0
2.6507437150266377,3.6225423776406442,1.682326270560607,-0.0829722149931349,2.1120396999124713,3.2569623557560026,-0.9869640097937258,1.1858700543815304,1
-2.9935787262725095,-3.081386651717256,1.7895054609977845,2.347147225908801,-2.6650494753311404,1.7457489040095926,1.3593419951926733,-0.31352869397080196,1
4.474368208392333,3.8684175823351503,1.5495426427749899,-1.6734539910501198,1.1409036755622797,2.4336087751500486,-2.0427849868072476,1.3503251674895826,1
-3.491928471874843,-3.541860119487435,0.1916444974064046,1.9257530320661855,-1.0366366873986383,0.01129059069320271,1.6772816035934133,-1.3032628596361149,0
0.1917187567817775,5.198169208594457,-1.6366505009547312,3.7326167980226126,0.36562927999821804,-1.124755136081839,1.6307551881663591,-0.7640250880377837,2
4.387582210101913,3.032559219150319,1.0447843979581983,-1.2614100764446605,2.2742044040519502,2.269756090766636,-1.7949360922519895,1.685015004565475,1
-3.8883627304018686,-3.0192033479286065,0.7131048659696709,0.48460881842316517,-1.4801712784419414,-1.1199645338590414,2.9869343520925193,-1.4771301867713036,0
6.16480465093522,41.61678264252406,-13.903817926727438,24.940306783681795,1.2045837127601966,-16.889788518323037,6.232339230492562,4.648551024363719,0
-3.2145959349009403,-3.4152541294092513,0.27211849193632776,1.356928773933575,-1.5736568939756097,-0.2766709015024301,3.0270268754963294,-1.079946924244486,0
,43.18906718991272,,,-5.5819162101088695,-26.143564217663922,12.125569715567856,-11.21372489501378,0
3.0071726788118287,3.0001890728617258,1.18172794353225,0.46416836257684135,1.7353737724466594,0.8353622260744398,-1.2715907395979074,1.0265159961427193,1
-1.791941596411748,3.710397754089532,-0.9752515168399667,3.0812784243752795,0.9233275351406618,-1.5285951112303535,1.4710911969151341,0.18299192023460553,2
28.007013089542397,20.490863266729818,4.166331342564012,-7.446073318926579,17.635786674670594,32.809720003657624,-20.441894718761137,9.765915299604837,2
-3.618239741808587,-2.4477644816317325,-0.270462884964052,0.8330945543137882,-1.5803445643013458,1.1150384623859655,1.7517118879282259,-2.7074747470008305,0
-7.68022996887365,-33.95112518022602,5.814470135463887,3.742935503734129,-8.766545565892201,0.26072185063602116,20.266386734637795,-1.4171631715508353,1
4.83853943632583,3.9451190358834083,1.5028435208259139,-1.0599251084188033,0.14287316109753223,1.574399522869871,-0.6020450007281006,0.4471707439126542,1
2.5673619152503546,2.2756953065206784,,,,3.690554930899822,-1.9678368578482919,1.2072704127362894,2
3.3943791863639228,4.800351101669172,1.4357087327316256,-1.8082213392902247,1.6972807370930298,1.603518924061253,-0.6370374175117983,0.33088218838045225,1
-3.4416731179924915,-2.2599675108310437,0.7650475266866248,-0.4313097841033744,-2.3577742596283757,1.0508651046790471,2.2813497981551687,-1.5335371517260743,0
,22.322879011566958,,,,11.09236168969126,-21.2485455733404,10.378232937952225,2
-2.4706262854591357,-2.734810177579124,-0.36436916083803494,2.009613353830371,-1.8505213206298412,-1.1585667402296287,1.2684694032895885,-1.7147316124748253,0
-0.005205442651912574,3.2817763042659047,-1.676912257427105,2.184299139387244,0.8830745523677358,-2.0862625670502677,1.8190464829537585,-0.20770265560043577,2
2.3598114672442545,3.21050017927241,0.22539225434848542,-0.5166098772080228,2.2404843376902344,2.69063338078983,-2.796958470545462,0.3232445351837758,1
-3.1175118485984177,-2.232755036859974,0.9062771754010224,1.5122693760246215,-1.9652106705810177,-0.7316839469789318,1.602594499723109,-1.434574969976412,0
3.4032486524929735,4.171782146689733,1.3036383855501161,-0.6818276896918324,1.5359784980219646,2.2704762561581515,-1.6134941546507424,1.094798189671871,2
-2.9054135836923427,-2.6849855286047175,0.34080641114928123,-0.13053562340935132,-0.8080276960039763,0.25516752659496156,1.491789431609316,-1.1964203127866448,0
-2.684777905369331,-2.997824014870054,-0.024869336799162145,0.8349194464776031,-1.628923022560655,-0.18910859053596732,3.2399388695873785,-1.0689122016155157,0
4.35643163215424,33.81485035266743,-14.042475487660464,17.41283918681614,0.2798654583569352,-26.018284729473894,9.386319114257248,4.247451875773682,0
-0.14572035009613798,4.754828756779242,-2.057995788667283,1.4136096928117396,1.319889832494877,-1.7970474217084758,0.7652357838285729,0.2934337408683987,2
-1.25442299911868,4.170745890451584,-1.980617965246749,3.8463314754445213,-1.3719664582819233,-2.567346903324944,2.019682195641384,-0.04951428368681032,2
-6.168785170490915,40.29711711909818,-19.205864475153632,13.365694178471692,-1.0392965979426827,-12.157354295692437,9.01363100569274,12.380333626998928,0
-0.15079858743982058,4.036793481268298,-2.2390596700669803,3.706725679686703,0.4635016970434221,-2.8922105438287047,0.9521565481466256,0.48018066504341317,2
3.507726844202638,3.402743132265299,1.295530663006208,-1.2440108761684912,0.9352776239880854,2.886209788330646,-1.2014868086612074,0.6073706364093217,1
-0.0343379914229551,3.2914497020783515,-1.5012989170548747,3.2179806789634258,-1.6981358834542684,-3.0771882494930325,0.9226821920846002,1.0141576379160322,2
0.7109635983699639,3.8216632666671417,-2.4892414361846704,3.3787853973406494,-0.3994078912975553,-2.6316998795966677,0.291579699358425,1.083065845335879,2
-2.680257333709812,-3.4633481587466557,0.24586230740444975,0.7327834742011696,-2.337087751912328,0.34088073654990725,1.6714183618580933,-0.9912541168906188,0
-0.02852245047203511,5.107585954043782,-1.6841394301347168,4.06085658063648,0.8757766376185253,-1.4857461826744025,2.9600601551400283,1.0307093832422183,2
-2.767603154580146,-2.8273217952724794,1.2592104740246914,1.385647066625478,-3.1641033442109867,-0.5493454730091939,2.096743590547296,-1.1364859202838509,0
-2.8813682901647177,-2.300228186089608,-0.13147779672673576,-0.08675523131003793,-1.3174719311011829,-0.023522407969299382,1.655921421689984,-0.9407371034870654,0
2.535655390834878,3.4386034728537025,1.1781878878589072,-1.3416761427370212,1.0452760571788349,2.5880852386545827,-1.7866258867586573,0.2235340064778949,1
0.8167482135331667,4.630258025583209,-3.0459087145847668,2.4196780057999367,0.13608411385839783,-3.301220166450772,0.7479033554960905,-0.48655857129097924,2
-3.3502527541778298,-2.6603872212179835,0.13045765387298058,0.9990251439896558,-0.8097045781274627,-0.3904399421925965,2.5639750474697505,-0.5258190419153883,0
-2.6778469523954556,-2.303954672312977,0.5579027413042322,1.9871133967113552,-1.2834110121680526,0.43692899072867275,1.4167161859239275,0.5110613074933836,0
0.2489853674795976,3.993665738327438,-1.954381653545038,3.8446305754602146,-0.24394025461882754,-2.230899393666239,-0.09586905922790678,1.5640742856918093,2
2.201870690995925,2.697521767682891,1.0683152825962696,0.39369081592204713,1.204121910603371,2.033788930227723,-1.8855718421336556,2.1612280173279186,1
,,-3.1520482153699714,,-0.03955626317320387,-2.1385100020719165,0.7259272963712006,-0.06103558052011682,0
,,,,,-3.7053658886826204,1.5735386441221084,-0.2604243905170349,0
2.404983082601393,2.085812339048675,0.9499882178666762,-0.9779040328970596,1.256130954256375,3.3591038026495346,-2.0951451625973405,1.2192159251326447,1
3.41387705943379,3.120421795746328,1.3702548828705292,-1.4844603096398585,1.3291140597731668,2.485933816136942,-2.6089514372102967,0.1870828566941828,1
25.69737055572185,24.69830475484754,6.571080619879855,-16.60312495864777,3.7276354046182245,16.730233141083573,-12.046367350005687,4.593811495684944,2
-3.034691186286108,-3.080849215509254,-0.08523998039205094,1.4634570742072268,-1.044825696095145,0.4154882864338966,3.075875957742351,0.014541360865412356,0
,-30.385158397246485,3.208145043377883,8.378310710852617,-11.356370095146328,0.906748456796381,21.8204666515439,-14.081793496991226,1
2.85030107930426,2.3159276382077003,1.7120241433341437,-1.5365643128852091,1.7448402724005414,2.4500787530118457,-2.2369481441781636,0.5736277993236755,1
0.27842813325274557,3.120140824168943,-2.45302498562965,2.8291889341051397,-0.7208853024442863,-2.2135202759709967,0.6100841834523716,0.4770341831540017,2
-3.274427857109512,-2.902052981572621,-0.07160257521890245,0.19721754248279144,-2.158154846248002,-0.4443692147800197,1.1855683401454105,-0.8865583086559877,0
3.957181069416895,3.036156200113121,2.0006723821979078,-0.8203138506698402,2.097262864008353,3.0033651322618358,-1.0636962536236205,1.2435541340278973,2
0.013203292707466197,4.623738774758133,-2.3382614955758223,2.4889547557389275,-0.8506774250119137,-2.6188719252665513,0.3440940999829709,0.30581749067068625,2
4.220535307104096,3.538022635847458,0.6099806310628304,-0.0868404120191143,0.9816389256492163,3.206369862613804,-2.4512140721461106,1.75128048225241,1
-3.8958886703480142,-1.8227283664894234,1.7102967386199923,1.9514544202069284,-1.3213506082008877,0.9454375846668597,2.008437226421278,-0.8580419061715545,0
,,,,,2.65827560703106,-1.5551150545675645,1.4485495939768493,2
2.9959627176720516,2.0690762842915933,1.5094503052171324,-1.0370710645641195,2.313214353010289,2.0045828543640445,-2.6215923091456963,0.9761817981218474,1
-3.120095157151444,-4.091568264713926,1.1771094650899405,2.0617548599974738,-2.0578376925076833,0.2113795197634898,1.4922259345944173,-1.4399393110957526,0
3.5779696673125616,2.4359972833710457,0.7583901929299715,-2.8926723760513378,1.0649766226955582,2.13290957492027,-2.21370915571721,1.1159285051628562,1
26.948720602764016,,,,,29.45039267651595,-5.826187519538878,2.063138173449704,2
2.956035293799231,3.128339549798895,2.092245650912121,-1.2102157807654192,2.1711646592076725,3.3623855822855155,-1.5446279854934537,0.8524967146462663,1
-2.730662019056505,-2.933871005726253,0.5075614593992106,0.960491232179025,-1.9036889422492516,-0.31463840083879296,3.035713261555655,-1.0759756428796097,1
3.190786836080027,2.8116786610175377,1.306924537343662,-0.7608163798292851,1.2321378173950586,1.5694908939547405,-1.3976340601241446,0.8570113585348907,1
-0.7710981463113644,5.037139639887273,-2.400733059394204,1.6707117723089615,-0.12991207474283534,-1.5196692869615547,1.1267038757115926,1.547541703374866,2
3.2377492366993454,3.130236990556532,1.3903030899773714,-1.9362805853050258,1.9515116825205423,3.938181566234544,-1.445084908455462,0.9568342765554214,1
0.9081126323363509,6.763445564273958,-1.1460904230947326,2.1042719498771705,0.44084727699969534,-2.0286695837597613,0.3523874942869458,-0.382559508054477,2
-2.873080047497006,-3.638010536196103,1.0770989436694858,1.6448055224763545,-1.0417383300865497,0.5218492345674878,1.8103503088895343,-1.6502924169914057,0
-2.7665156918546567,-2.8701406853906795,0.9813567391563089,1.382278281624713,-1.3301490100732967,0.389631665974288,1.9701218326407663,-0.7109760233443196,0
4.287651401975794,3.271986176895451,0.6221481878909274,-0.44904089053125706,1.0112231121959974,1.7766637528076794,-2.7319362103695113,-0.09558987615028047,1
-0.7887588504319586,,,1.471390806696221,-0.026126365334815292,-2.7229012271261617,0.17900580130114385,0.24087469256595062,0
2.926510705585884,3.1046388705176566,1.8426475071178123,-0.5904023797772464,1.4619563544061496,3.2772736806502243,0.2769382605995663,1.222187314159595,1
-4.026103378469555,34.51727808293349,-18.34295638984917,24.545850951484407,-0.6303914790207484,-25.101080399519756,7.035763096747305,6.882791726989494,0
3.795080894195091,2.9768117584465927,0.6607490672690055,-0.1414256780753833,2.5858239930245825,3.3787677226354322,-2.0971629980646105,0.653325965864441,1
,-22.743979363265222,,,-15.786981505236245,5.031909568798651,20.48402708135007,-6.449809515747404,1
3.2679919962056014,4.7992253866612185,-0.055861371132292836,-1.1689586182909562,1.4944623069126914,2.1761920301603963,-0.7745380302087144,1.3307157100487106,1
-0.5200445375363251,5.018956571651633,-1.5975756574602484,1.5125729295023516,-0.7899049454133045,-4.275501003463604,1.4167707977851616,0.31672096480497813,2
14.937927290697004,37.69938000989781,,-13.867905225670992,,11.61870133035187,-4.425474105363347,21.565708246067576,2
-0.7887588504319586,4.534860024165356,-2.204394582998674,1.471390806696221,-0.026126365334815292,-2.7229012271261617,0.17900580130114385,0.24087469256595062,2
1.2819102244041805,3.291124160096474,-1.3572976423545167,2.429643814230061,-0.2317353720304563,-3.458890425648501,1.4170235346982014,0.9732961693438005,2
-0.7115574353346855,4.499290737224369,-2.3431372794346137,2.259389929923502,0.5609500654488841,-1.4501212419398326,1.8333672934689493,0.2166005673607066,2
-3.026074476786489,-2.8617106022307475,-0.3296292063726223,-0.5305093851253972,-1.3949432087584832,0.22679317939050106,2.8464851978977643,0.09993507125765722,0
0.7691373356540807,3.8404733021284865,-1.705859645195722,0.8608148714004882,-0.7851137081571866,-2.1733262413434646,0.08129280345963363,0.7988647275524292,2
-0.09986067928500732,3.488293536238209,-1.5805780902540079,2.5295215893988057,-0.2895310966454952,-1.605563545485838,0.0005164569606791458,1.6508254207554203,2
-2.2655784649910555,-3.683171171280433,-0.13740241874501402,1.3909842714919565,-1.6550752810115603,0.453239283496632,1.9904472457432922,-0.508835446337303,0
-3.820405034816371,-3.3627958896563923,1.557859903293705,1.4462736676283872,-1.9892513000051224,-0.7096021565082792,2.0229474650133827,-1.8515921045667894,0
-3.6689376171809784,-2.693741425966091,-0.3692288702148747,0.8571519908928058,-1.423246571798194,1.7115911015412415,1.0358790411357428,0.030410196543093404,0
-0.6908939489742765,5.435469316202345,-0.9757047022834331,2.6846228876384624,0.49615552133366436,-1.9627855538788976,1.9770405069685757,1.0096479678022074,2
-0.4258440200227193,5.325553618885155,-2.3455075759296475,2.957450925076959,-0.35763886323667265,-2.6567875146220397,-0.6948245001724327,0.28866074990815904,2
24.816883078382556,,,,,13.682378272284424,-14.705687909664919,5.553944863396154,2
0.4495765050618085,,-2.2576609765005964,3.4345565847105033,,-3.256614424835986,1.5269226000488372,-0.553318516886161,0
-0.11243479808453855,4.215094641976399,-1.179932843570656,1.6623099176908394,-0.40400302428839846,-3.1289083267278572,2.009771275808266,-0.1085859113982699,2
-3.4725797665004228,-2.717232185485072,0.8958222934183651,2.285358087811014,-1.6420593605727591,0.2632310587358279,0.9604611646107948,-0.16671050569437917,0
-2.706374575002726,-2.1195547343913903,1.2981772966609961,1.0082014924035556,-3.168372092070153,0.36169197305392636,0.44636801896386324,0.028956061658861776,0
2.701588888390339,1.1630832557490083,0.9154619963281951,-1.119083433791111,2.0773199225835772,1.1795865504116345,-0.6866935473955166,1.574419506498359,2
3.694005265322259,2.4211239095171413,0.996620139406373,-0.39235345080417927,0.14479920964110904,2.459701166316217,-1.800503959383277,0.9063190995714763,1
-2.730662019056505,-2.933871005726253,0.5075614593992106,0.960491232179025,-1.9036889422492516,-0.31463840083879296,3.035713261555655,-1.0759756428796097,0
3.449507066609484,3.3121498438369175,0.9281898376539943,0.14951318435128425,1.7179611903851628,2.8063713101351744,-0.7688556741646019,1.2538150997876192,1
,23.880460053204864,14.366464347323154,,,26.751027161089606,-17.807165866088823,10.702758796952345,2
3.286954909486397,3.23563659463914,-0.46993139000758566,-1.5499739197872522,2.343155286124309,2.5554505334628974,-2.4919062391720903,2.6490748271187057,2
2.994142660596777,2.5368629252753268,1.6328454645101818,-1.4853893318171467,2.5396094414564967,2.278916082176123,-1.485644005188566,1.531109614458034,1
-1.846794653403776,4.764282797496097,-1.6981718117725393,2.832851633206318,-0.3674527603282754,-1.4571944234527392,0.6780855289840846,0.7946153137706586,2
-0.03795082106432382,4.871822110578699,-1.9675479466252057,2.5872228299217954,1.206387529856809,-1.6587889782723142,1.0555826706370028,0.6501178615552239,2
,-2.303156801938277,1.179797304776038,1.0196155309181136,-1.6520583107530735,-0.14658617892772566,2.273371417423662,-0.01916960747627272,1
2.881810190357924,1.8926332377934707,1.0066866003797925,-1.7703957331211062,0.2859299662857695,2.5958113244825696,-1.1584816605863035,1.3686886294732035,1
-2.1256841121885537,-2.5186154704175525,1.876289229962913,-0.08348298291793776,-1.6857520758199782,-0.3237649687599778,0.6184221265139791,-0.2577709566542141,0
-3.2957926879591226,-2.9168424220679685,0.22031574088810008,0.8100364549477929,-1.5139311696346098,-0.45902042370261975,2.483743796106814,0.00518468736124289,0
,-22.743979363265222,,,-15.786981505236245,5.031909568798651,20.48402708135007,-6.449809515747404,1
,5.524221450145949,,,,-2.267812394899784,0.9848040780786081,0.034963274298903,0
-0.7142302073508474,4.331510109128175,-1.4861814190794753,2.629929455383687,-0.3717995458503123,-2.8999422405075004,1.4450692835321375,-1.1777150386130681,2
3.35832713843447,4.4521159763666205,2.0398650420510087,-2.053589559869457,1.124283357759688,2.795015518388736,-1.5491973454100452,0.020415997202305247,1
,-18.57130517181005,,,,-4.391196843434289,26.22677234267808,-14.34911774235048,1
3.0315927016814896,37.14239698222,-11.280410582764363,10.887636283317605,-0.7351314604837629,-27.74954036553528,9.549531298587354,13.194808984780707,0
3.752993937378476,4.6182817879499805,0.3370560210342337,-1.7154610721836878,0.8855707541299964,3.624339412011543,-0.770351278079221,0.9051305275444461,1
-3.3864173103081034,-3.1085931918264156,1.4471515042794414,2.026341973737977,-2.071755225489179,-0.02970366705537575,2.063109779367301,-1.6903680773616183,0
3.392369792690991,2.5570095816035185,0.8789468210120498,-0.8850968479465027,1.6723946640457008,2.8456059001221736,-1.9054364891674296,0.059700883522858184,1
-3.0318906887281787,-3.3409794925706247,0.2816760814212201,2.4144477891430824,-2.7144832574318025,0.34985167300705916,0.8246227006633979,-1.0757633368260813,0
-3.7821293214358924,-2.7097686004813077,0.9050631436706167,1.0615740274317014,-1.346290550974039,-0.1810941311800111,3.0347952550012414,-1.6304845285988736,1
-3.179657881479827,-2.474914731504139,1.8536554396317306,2.3723392205481186,-2.359599916575748,-0.6485731778100055,3.0394431507136956,-1.740796735586346,1
-2.6720130550456584,-2.5394783926967746,2.397521869052828,0.8503368093366566,-2.0585179345329463,0.2994574787729929,2.3072937205722264,-1.3687007743623458,0
-3.9258897286480816,-3.6980727793210373,0.7798419587064056,0.36616466124795743,-1.7647137878275727,0.9094598084502458,1.7506152202570018,-0.4837391020730395,0
-2.128055527879689,-2.3282866319749482,-0.5603283430554775,1.5803847497462369,-1.2166014386550037,-1.1236898729927973,1.9829918313604291,-0.7448258576767163,0
-2.714915274385172,-2.7290588894229795,-0.3075724414798324,1.1109136353498146,-0.7843149422476695,0.5439510712936287,1.9332999490902458,-1.3275834193270046,0
-0.6030912166144665,4.20309131923834,-1.6325767449781041,1.7204780178695858,-0.07663663672494717,-1.737603971260647,1.1477775205347909,1.3731984357765765,2
0.12075503186955196,4.509381300752627,-2.163857451156102,3.2193230529808217,-0.7709899478265485,-3.2287850271748244,0.2830423102313705,0.2477706888018092,2
,,,,,0.03742053883223182,1.9165818138704558,-0.1813232968942814,1
-3.7681363721829304,-2.50949379019829,-0.44906977978858775,0.44378038141246157,-0.5875044525343388,0.5881541138859382,3.041178802780104,-1.1901720685811046,0
2.247206170366827,2.3537844131802648,0.1866698448801315,-0.8247916291346128,1.5461883113427723,2.1749117265381734,-2.2098484350196954,0.11338261118841042,1
0.2516411762992232,3.709265022981768,-1.774126494424122,1.5684872941974641,-0.0493739517916162,-3.3180000498998012,0.21734121237129989,1.6520058295327467,2
0.0637629767495192,4.212965267845313,-0.7706683523404025,1.6862737402723065,-0.39450686597274803,-3.1334108269900973,0.6053561147031702,1.2219891440584933,2
0.05492905472390839,4.216050157241014,-2.3217305602517477,1.6508750903609049,0.38959138966532597,-3.074007841847652,1.7687037765314229,-0.4050545378011011,2
3.690321833523498,3.376948497548758,0.9915790560707375,-1.2204556485300018,3.1986674311119585,1.9280939444805445,-1.2914467761221098,0.47484665083050726,1
-3.8065741888937374,-3.16830603794924,0.571421908068402,1.0552921014380068,-0.7064236648703089,-0.25288929750241185,2.246424130262047,-1.6920390046042242,0
,,,,,14.992076776740088,-0.5098485667418373,-0.11575229164736989,2
23.26979226205063,26.317545360548536,5.525607619159931,-16.813610011000957,7.152090187062114,27.175469596201307,-11.581249980841136,10.526088788741404,2
-2.8083103211840807,-3.2105352093927144,-0.796513298780841,0.7720113229483899,-1.7291138011785168,-0.10365068318342793,1.6055700022024513,-1.310108507269027,0
1.9319001120871298,3.2680097947600295,0.30363493399867403,-0.36421701351287294,1.708901865322546,2.7655410444264295,-2.161422732321582,0.46408846069817367,1
2.875765759034489,2.7359649876476504,-0.3417711102355534,-1.7923905080538727,2.1727654402841514,1.0230345471840199,-2.036420744730994,0.7201959605971653,1
-3.3806479630469064,-2.0120781098863016,0.43851502497741024,1.1432946802143709,-0.6747317949858461,-0.6282450795982636,1.3050072345162422,-1.1375488942786751,0
,,,,,0.03742053883223182,1.9165818138704558,-0.1813232968942814,1
-4.1619215169937815,-2.783840506206284,-0.12122467731951181,0.1881124999631244,-1.8093370119557832,-0.12830828949908188,1.5490542247294863,-0.5879077052493946,0
0.2229313889420746,3.669890838828544,-1.5335659229811363,2.4839382412609687,0.19670647884076847,-2.6024448066883292,0.8243078255881472,-0.1077618218102997,2
-0.28215170270430107,4.3491056377361925,-1.2498577120776493,1.2326880069491815,1.3768080500388669,-0.7891297883715416,-0.8944362705940578,0.4317477397582701,2
3.581436483277882,2.8891905785851923,0.48724716127323564,-1.280698935161669,0.6620619512037346,3.892551691007128,-1.5674672694909408,1.451159862077537,1
-3.751531010396297,-4.326532094963516,0.5818861638167209,-0.5699793351273033,-2.425537176261214,-0.37603565580939263,1.4180999148342466,-0.7225140484550526,1
-2.045304772547117,-3.16566117725633,-0.7465166752944292,0.4377319356338065,-1.1141657899088142,0.27685637445375566,0.9030592248351934,-1.5070397635857407,0
-0.015591295044125953,4.722262724952029,-2.2765308801711894,1.333048961233669,-0.09772692892604579,-2.2656785651750453,1.4733578124818159,0.36137676109276906,2
2.793348305015537,3.327330378597382,1.3541195451747514,0.05112131084183513,0.3053538855660056,2.17911420781279,-0.9060387262280474,2.0821275358450535,1
2.3788269845982826,2.3246830898920603,0.5493231902192482,-0.555702550536997,1.381749590572683,2.637476223507132,-2.357012387029583,0.6768504579553385,1
3.1312273705207696,2.29805501060462,-0.07525947133130684,-1.7974092528739964,1.4697531211727894,3.1077237458086677,-0.8683428080052757,1.441428653738333,1
-0.025442286566833176,5.195851219004127,-2.7358231630869634,2.2378626773599275,-0.967141926754554,-1.8410326346567585,0.9353492552134848,-0.09513974352410426,2
-0.6512100998475214,4.93012890711311,-1.3385339323815508,3.1406878706525814,0.1504019222263544,-2.4076298890695327,1.3688066099899316,0.7126348528620337,0
-3.299829475514175,-3.2464934853417606,0.872616429887344,1.2558108450548549,-1.211087171882808,0.3015747021055179,3.499153320609323,-1.2844905114692309,0
-0.5588343451171788,4.919878742822456,-2.0447899589399956,2.8422370082304633,-0.3177019008479305,-3.346384913276669,2.2145517737599927,1.582627987534502,2
2.658386068906646,4.081114634683071,0.5289202875907748,-1.3318563313564529,0.3887550233880892,1.969671792820427,-2.6958799250673433,1.4422632894483502,1
-4.2667318782420605,-2.671447538265458,2.0910942781855724,1.447955316060554,-0.4686108429907707,0.12804031109009353,1.948747173211325,-0.7331100269433172,0
-2.4797220801575905,-2.6197920121863634,0.034143204897914003,1.1625129261467038,-1.4183199336014902,0.15308201771030905,2.610000144563733,-0.8434831158577224,0
-3.942761784145696,-2.852533185592766,-0.2850017322120785,2.023648684431352,-0.9335636877027792,0.06680732694141528,0.2945370357268744,-1.6883911850613214,0
1.940366861352017,2.90735802864976,0.6692918515493027,-1.9270675456538218,2.8613335663553423,2.7187779397878056,-1.1676285739958359,0.5155895355374503,1
1.2378977299596918,3.5211256625169987,-1.6372705820508489,3.9497578194516305,0.02082552126120332,-2.684803144587457,0.18257365768110623,1.257640138104673,2
-1.7792458316825457,-2.6927047888831908,1.0795917237579413,0.7924003325257042,-1.4534179288985567,-0.48819667631019376,2.692708754216397,-1.824812536180406,0
3.106112891373666,2.670355012548598,1.0203277000537043,-1.174910581359892,0.07297264539931425,3.285248905689212,-1.5567750095845527,0.6606397203484341,1
-3.023306317661856,-3.813354084466061,0.025908071193505522,0.4388668114620846,-2.392232881410854,0.06637880181126296,1.1404591145157097,-2.5262563461167318,0
-2.542728581703141,-3.193690063059999,0.0827377702406834,1.0059539387062075,-0.9435474229590608,0.12625476011847872,1.540761544351323,-0.14159493104573528,0
,,1.8426475071178123,-0.5904023797772464,,3.2772736806502243,0.2769382605995663,1.222187314159595,2
,,0.9259162155007754,0.8500075402118743,,-0.3188368741983721,2.2914577036972688,-1.7633130767853342,1
3.5008766361927997,2.5613579083412272,0.5207914178205015,-0.9307591648658223,2.2044733343338243,4.101215000457203,-2.555236839845142,1.2207394124506046,1
-0.19414728335171355,4.523947082832959,-1.5126547767147414,3.257695016131864,-0.21706671601260166,-3.230955410903311,1.0532661352457613,0.8294547102728502,2
-0.18499396589348488,5.253038645595005,-2.3128176811255825,2.4667381194602123,1.0186598774746198,-2.1794693486444636,0.46793570092823855,0.6112407000850076,2
-0.46557572041955736,5.142657372245267,-1.3666895948905204,3.559020672327475,-1.1679051945599797,-3.135028180920747,1.5761986785571114,-1.3559551359169777,2
9.086079173283936,34.36023320567665,-18.550912693709233,4.154770307405405,3.552637710503487,-19.434329217893453,8.559583676970652,1.7441818417794193,0
-0.04326853363213452,,-2.2556494743871847,3.205199327432126,,-2.817557832371896,1.7343492928640727,1.5991384044127697,0
3.1190170199781995,2.834625257163418,0.3387604467658799,-0.3056739622095833,1.7987883360149977,2.1863560861004263,-1.398154867075283,0.9413242349486255,1
-27.608455873192927,-24.337410339847207,-2.002990292825227,10.548132833946111,-3.9072946412114113,-0.4331946069967828,14.897440087258106,-14.24185499318039,1
3.64907535514212,4.239558405209294,1.336215472056931,-1.6281945045400028,1.7372569657234478,4.199230431036327,-1.4283040324967617,2.0232886015755196,1
-3.4725797665004228,-2.717232185485072,0.8958222934183651,,-1.6420593605727591,0.2632310587358279,0.9604611646107948,-0.16671050569437917,1
3.397886667202373,1.760156613125696,2.285826618880309,-1.8343169176593124,2.5699925700057054,3.2150807061870403,-1.095867080750724,0.40151065336413305,2
-3.189277589062351,-2.4822581565094066,2.1518403540307283,0.7527294157206742,-1.7948070878600086,0.0830649188067972,2.6910731470883866,-1.3966991177171049,0
-2.8486567265741183,-2.436583603896335,0.5866180100879731,0.589439044356025,-1.492311975192319,1.0051958124373999,2.3886680519955967,-2.198031211811321,0
3.65626604522483,2.765547573908475,1.604164717527636,-1.569918987390279,1.6239345432569388,2.746402067756342,-1.6078233216031066,1.2831816351603096,1
-3.3035392396079315,-4.459519807675914,0.7723263133036341,0.7339733564654629,-2.9694444397928708,0.5876976635419764,3.0045043245922542,0.04308703960760041,0
,5.195851219004127,-2.7358231630869634,,,-1.8410326346567585,0.9353492552134848,-0.09513974352410426,0
-0.03429054164266618,5.540227225460603,-1.3247244240854679,1.7064158201172397,0.8694970330393063,-2.6836201679066964,0.36688274159276846,0.6379722756098416,2
0.14295464793514484,4.922055214880547,-2.433395870232926,2.9970954470135784,-0.6344180450653536,-2.900796656134867,0.6297524585979792,-0.25043624066157466,2
-25.649585026105022,-38.09013309632749,-7.917749435120546,2.298541375495361,-9.025149919881544,0.63727756590566,17.03245356018372,2.925283503045474,1
2.4430248108305896,2.2670357954634817,1.4086505817050636,-0.5792357138099944,0.8672844972933876,2.3178399586058154,-2.8007698634787745,0.6539620348721141,1
2.2972783047920533,3.5092735855380592,1.119456359225036,-1.9733587035414164,1.3678790508921408,1.4541213649968552,-1.5372095416488318,-0.1587607527910293,1
3.3536872611529396,1.999351233145572,2.249463686016097,-1.4261956357017502,1.6177440649778791,3.0980692624748603,-2.19088582905725,0.6175729490411332,1
25.526294688640217,22.4934292881403,10.455396298749296,-6.086531038634281,9.857102539160469,12.555927151637924,-11.181072480993157,6.856090868279126,2
0.5203847888947843,4.103490678402244,-2.781275594879036,2.770072927510385,-0.3733714986938814,-2.3977329499873212,0.059671494126414815,0.3234720928677537,2
-0.7434749761299743,4.494249513708457,-1.5287868764709729,2.366711770092968,0.8065532976568688,-2.8024276776575463,2.4485598061402216,1.9855382529905716,0
0.3954239848192497,4.929166983542558,-1.3741829178368188,2.718446496855228,-0.8179499394355284,-2.016761887041574,0.9990332438401611,0.16208378897365988,0
1.0596310585618505,3.656599261537389,0.9939459617914319,-2.6449798506712314,1.8122964790678506,3.305587824406441,-1.2452790973248988,1.409379345941729,1
-2.534952428032048,-2.347152809906216,0.8387876057660689,0.8174200791167918,-2.9753825713300817,0.5384653456259897,2.855210066352315,-0.548809111611214,0
0.9522378173325172,4.400262302929376,-0.6764888767291559,2.433256513052761,-0.025185087334047153,-2.0513740890205137,-0.8708113075535806,0.6434575265575024,2
-8.029001869485999,,,,,-29.24452067125206,11.660477775279585,-1.8144405219405089,0
-0.468428088127024,3.2280390796158933,-1.8069530116519121,3.9378002019302896,0.3207648341001028,-2.0192768520868243,0.7108780724898816,0.3289666261084305,2
-0.34985388490919894,4.449965054436606,-2.7108966633338403,3.6012253202113085,0.34529826337588765,-1.2438058801325618,0.8879440216453863,0.11584702639202366,2
-2.8192398236741134,-1.904697384831067,0.24676066578908012,0.34121453285252923,-1.813994945619848,0.31663376545019706,0.9039686494736401,-0.553770368144215,0
-3.2784445397581456,-2.7393721079577866,1.084930449520371,0.9202585248628412,-0.2562961070176657,0.1674044992434225,2.1893397702771393,-1.636298386159602,0
2.3724883907130097,2.1755471626093903,1.2192655691623022,-1.8395812780768246,-0.7005664114173205,1.769261757787374,-1.8303017534049935,0.5761853584896243,1
-3.268231124795191,-1.9769889954304585,-0.2749319774304415,0.37369108673092155,-1.049671243717669,-0.2762235860017127,1.9964146932959501,-1.1144100289671588,0
-3.0989768515006615,-2.3888603799350796,0.12563206324700954,-0.10076977500170847,-2.467364321954543,-0.37231424575993016,1.1256580205253632,-0.7128515890243141,0
,,3.2656298308612683,9.953145006659252,,11.631090962701016,16.38853435674356,-7.102932677424379,1
0.22786316198748788,5.920052086197215,-1.15252266372551,2.7127426155572456,0.599080858674193,-3.1084231361114565,0.8176414920601969,1.1634948909288387,2
2.9087240327563286,3.289693170068567,0.6907009523949914,-2.1017012513751197,0.8940112733827642,3.3969336995251633,-1.447656247605142,1.3157610985926755,1
-0.3174861041139317,5.524221450145949,-1.43970714945935,2.720906877938154,-0.22531089713296118,-2.267812394899784,0.9848040780786081,0.034963274298903,2
1.7342861004843824,3.298738245552253,0.8552594855136743,-0.9091523742767097,0.8618196065702342,3.04637877664755,-2.5138504865792664,1.869146084029118,1
-2.428256892959446,-2.5624403591262923,1.3762075059956365,0.6350739569539007,-1.8047852310607735,-0.3353722196383861,2.5535612048252925,0.04886210820771231,0
-0.35437320193401606,40.52316257512803,-25.026126298568,15.962971941135326,3.2068495703462756,-19.766347765684753,15.931132275354374,-3.903657742827523,0
-2.663279934665441,-2.644590083853223,0.9221047973986736,0.7386137442232824,-0.015199618156432892,0.1641017815374684,0.6962606731626435,-1.7016630220363522,0
1.927504050971336,4.929894866881694,-1.2083435426214826,2.285049558803244,-0.6950386617280975,-2.7200222004635437,1.4983721199403828,0.7847794983804228,2
-0.9162471337974395,4.468403833641008,-2.1194859023532087,2.7658200129395722,0.8674119988943042,-3.4306162702636853,1.398858564094037,1.2220666424955908,2
3.8572405503198635,1.7236779995340472,1.5903414243474847,-1.6220092373298738,2.234232600620108,4.745712639741546,-3.0912243410847875,1.4867640035024539,1
-3.751531010396297,-4.326532094963516,0.5818861638167209,-0.5699793351273033,-2.425537176261214,-0.37603565580939263,1.4180999148342466,-0.7225140484550526,1
3.0038717970404893,2.4229905542476775,1.26325147218706,-2.265766288502812,0.011031719468896917,3.460671203900503,-0.867339909418996,0.2654922148603348,1
1.3793429758387838,4.010949062888843,-1.3953413899112934,2.1640683146275275,0.03866748150220659,-1.649721305774948,0.757833858883419,0.016926564363506813,2
1.0344854100057914,4.8417432478135005,-2.564979464448925,2.566158045357301,0.08681072302392351,-1.6496949678515533,0.5797322997585543,1.0371370884044013,0
3.064523975268783,2.8941821335166154,0.9780517095264487,-2.0104127578557875,0.8261586674398341,2.395465334049952,-1.6156875790157057,0.6036675075979996,1
-4.218352092319471,-2.9878657595940847,0.41473634316266644,0.6721020114703795,-0.09235172131964009,0.38428801185383754,2.508268853012434,-1.651751441559472,0
0.11414914555289073,5.181618205401932,-2.3914655033764958,2.5753804236464783,-0.45340935015481953,-2.221410809705983,0.543663638386126,0.019150050096797655,2
-2.3148110611339603,-2.944967631327749,-0.10396001370128904,1.5659834247214128,-1.892314166856061,-0.9845504389085628,2.714855602453393,-1.375967892696279,0
3.1037252145099905,3.3931632654619146,1.7887353657827245,-1.4986834113465122,1.9106076361334372,2.637072871517023,-2.6980775626282565,2.3303781788038767,1
-2.741874451142251,-3.671217820580299,1.1149152109150906,0.9650518623096229,-1.6294036544816823,-0.47665068108275893,2.855778937071821,-1.1081706374481615,0
-2.524760505849674,-2.952694651357776,0.7023835790829889,1.4419017580869782,-2.5200090738989664,-0.2237698514501109,1.670739141995043,-1.4472144937703393,0
-2.035584634607679,-3.0015751711529104,1.070721250520143,0.5087631376132523,-0.963831183091637,-0.5333940666788932,2.7634619552616924,0.5474486141752677,0
-0.5241128996710628,5.233495773183593,-2.4565120260658615,2.657730070042442,0.15167798006159047,-2.0369557862530794,1.1755184339379292,-0.01742917647527209,2
2.713524785372872,2.0181165258178373,2.116455776338489,-1.0471398569664072,2.835345179309418,3.3549492905193397,-2.058701993350504,0.9405071393442758,1
3.4862819656780446,1.9313899003186212,0.5415730510830196,-1.5883396136302432,1.5151887197419414,3.6394977780858446,-0.08418741673456953,0.4299987128487025,1
-3.000783805398523,-4.564524848529066,0.7501554805089719,2.3612184545821595,-0.39685579801822746,1.2816680021295956,1.2861678702329757,-0.3614933228162549,0
,2.0464253640927783,1.878904156143568,-0.9788274046008324,1.3290691566288317,1.9093014473569634,-1.0644188762108557,0.4368515263203121,2
-2.266879299748369,-3.9783803141828824,0.036109014151315344,2.3460623358466037,-0.7108516668503045,0.06832279474680812,1.3416288491491484,-1.3704906146899252,0
-30.56324027853097,-26.90236711725114,12.46287922634964,,,-5.676817252066233,16.183579720107062,-14.812736836534315,1
-2.6233191940972516,-2.0638213247900796,0.39184602452506967,0.5128401718305079,-1.6567011718163496,0.1697477538898551,2.1236013509175975,-1.7590716505633566,0
0.7929336142746559,5.146145291313655,-2.7406282809655034,2.402519881466652,0.14246608794355825,-2.855323212352926,2.6504598063623033,0.6635646203837279,2
-0.1135052946826974,3.3159891316087027,-2.7686716471625283,2.165428761202704,-0.47062792010347465,-2.417514747137658,1.4084276886422697,2.0887287984996377,2
38.11596867608463,28.9598396604553,,-3.546639132386952,,15.592788892553765,-26.34012935968828,5.501696593223855,2
-0.6633739019896637,4.186806599067226,-1.1256634824096832,2.5299372957155715,-1.0931179315885704,-2.119207269974167,0.7224738825674439,1.5778960405711715,2
3.025591765080612,2.428419461662295,1.623019010420229,-1.2659312768759876,1.3179464223815005,2.92615284007048,-1.6315964566582548,0.8355238045515075,1
0.6230311521070987,5.409984847014299,-2.077295330355887,1.8961307769050575,1.4769897898583535,-3.568686930865377,0.0014408447883346165,0.8955896283561818,2
3.364504629091217,3.607930625050837,-0.2731304383867428,-2.05074160353506,0.9847944698671598,2.4091258798292126,-1.2283041536842745,1.227277157260195,1
2.8406256595699206,2.9737828405116904,0.4966401647780766,-0.5729086473420234,1.469584555843752,2.6165141907637595,-1.2500006528997893,0.19179006990157266,1
0.2106854921067112,4.610807926052541,-1.327681445769831,2.406807689784148,0.553791677038291,-2.6205540966658685,1.3040747686093601,-0.5520587610730683,2
2.605287726413279,2.525891440553078,1.300123451217482,-0.2457650200962218,1.2597209667141938,3.046476762948044,-1.465181534188781,0.375087453533394,1
-0.7811537010139604,6.00515345009591,-2.1539936423993638,2.917851694976167,-0.23425700037712377,-2.7483345706488382,0.6811894361312448,-0.5848920515924754,2
-2.928420338246809,-3.786069934374991,1.0368071053303425,0.1427066556446217,-0.6887352923361701,2.0002068961979056,2.2565158026000853,-0.5918243050395798,0
-2.7636978158407466,-2.0147626970803985,0.5634094348312219,1.4507571552938006,-2.935120470721716,-0.03410288135108256,1.4097388107949902,-1.8531691422965397,0
-2.099210416148148,-4.336834034022397,-0.39564775713972844,0.2775774283868958,-1.544323901797672,-0.2560017499523465,2.979395467187261,-0.33195616963581187,0
2.3713875726100575,1.2931638103542644,0.666015368587343,-0.4673381318832185,1.2528325680075358,3.0608248605972106,-1.395890276855809,1.9016462491835293,1
-3.1436131822062308,-4.40246560444656,1.6229780530619986,0.6796103983302221,-1.4244836889598769,0.9166854794023688,0.8784183212587524,-1.8761530498742975,0
-3.4950851709660244,-2.3217014908068996,0.24671722404096097,0.6571748719691537,-0.8639790480755222,0.021759911439806948,2.1950031401582644,-0.9902103446942953,0
-3.550057388567941,-3.361408317803056,1.2702594764880561,1.4729246432151348,-1.1077695752374201,-0.18026483923685402,2.4013537291210616,-1.4504927874654536,0
-3.132471038655484,-2.7699365984022633,0.7533452977501905,1.9244631588697168,-1.7399503056050656,-1.0338004717920122,2.747055691600388,-1.2320417204680782,0
1.1876842160627183,3.7839350502735014,-2.339498654803608,1.7769145420110286,-0.8609611417807564,-2.033053204632535,0.8623601408256849,0.5366564262330954,2
-2.8342217182483807,-1.6679647764080827,0.18259319114198502,1.1818654997638567,-0.7825548148122206,-0.11476745001889757,1.593327868027962,-2.5930154826052263,0
-1.8681879210509749,-2.9082810186646064,-0.20164078648356076,0.9231907838139969,-1.5249275153330637,-0.9553191565410957,1.8209175500614236,-1.5195344657982055,0
24.50125039867736,22.67134557305455,1.210737558865536,-13.34974444939093,10.420718901162825,21.352132093773605,-3.9314494511761264,7.76593552389713,2
-0.3176304143339223,3.564756771461216,-1.9456515964309813,2.3731435928456643,-0.22515384404937525,-2.360860525757897,1.5236015839151285,0.9910958303583279,2
-2.0646697299914805,-2.1264350104583976,0.3232378659879247,1.2544180364873512,-3.1869453760599127,-0.809443362185733,1.7943547558935091,-1.7504931149988012,0
,4.74247791831635,1.313194497841665,-1.9267944663110774,,2.8563822983356784,-0.5612190718230999,0.1509765558207007,2
-0.14718042624139976,4.384040931163096,-2.932482200586904,2.3568349225787615,-0.883102543678459,-3.7935090838637917,0.2403744409225952,1.55607943546278,2
-0.5375688036181057,3.961608847579302,-1.292633185771301,2.2061509357382287,-0.76628747092161,-2.53019824084861,1.0826068271903866,-0.8808929569356847,2
-3.1067657727166513,-2.7316242949525535,1.199876972837206,0.25902474261511355,-1.5875063212237044,1.0370188833612812,1.479488239831205,-1.5755750121032241,0
1.646515453414619,,,,,-2.5271289648314155,0.9483911847317333,0.36295805152479815,0
2.9797407873796646,3.2690337715193856,1.279667329231594,-1.2573168263121302,0.9906984227250241,3.985172489546158,-0.7977558912675746,1.5753560407760734,1
-34.42633285815806,-23.836984299170652,4.173136756983114,7.341379209619323,,-14.967872825376451,18.217229696812613,0.7440539301000104,1
-0.7697694956061663,3.7299928923753805,-1.4142707781453787,2.8675448769887577,-0.8776806797170379,-2.9333952300589354,0.36738791083757605,1.743423508628406,2
-0.9679144260997943,4.935085532321913,-2.0029251553888607,2.1642233163070186,-0.27087381811380246,-2.9180663650284377,2.1552584174733305,-0.01485399535012566,2
0.5927153709337455,5.017262132886413,-1.6237291202642394,2.5515123777136335,-0.3670636668565891,-3.0704785146662146,1.9029338687331692,1.035362990208613,2
2.53019584340853,2.6656783946667746,0.4404644749725184,-0.7601469605636376,2.3105783367958845,2.371120947517985,-2.389874411938682,0.2421052243992291,1
-0.3318593473628779,4.589076421208051,,1.0525939477634327,,-2.2448390385090047,-1.0278963079600922,-0.1837659451524799,0
3.530655990858064,2.5447056831287633,0.6831667422422392,-1.1718851156404801,2.39869158878051,1.177103138678917,-2.420964488692103,-0.3631136159828716,1
3.0323422930704673,3.4874883235759384,1.6545761327159485,-0.3621403963665467,1.4294554588378092,3.4708949109361864,-1.3400775227873751,1.442663334796059,1
-0.9752977537487778,5.614751143570607,-1.7908063688931244,2.3421695757098333,0.5303464806610201,-2.1702529076054264,1.1929835129194333,0.9794986509367787,2
-3.120095157151444,-4.091568264713926,1.1771094650899405,2.0617548599974738,-2.0578376925076833,0.2113795197634898,1.4922259345944173,-1.4399393110957526,1
3.7075469688040146,3.2710132453814538,1.0342473772761094,-1.1927164486534383,1.7570010638203437,2.2817764637668136,-0.8924867299544214,-0.11051965118654028,2
,,-0.7896691234214703,-0.3416182272627475,-2.381589146694293,-0.919217402739956,1.8917724689660638,-1.8322161075183234,1
-2.8438441801623076,-1.9967498453756791,0.5640641247212457,1.4065439667308577,-1.539748236074884,-0.11928530681494309,1.4543623222922064,-0.6987890487297128,0
-0.9674150847347851,4.638131091662215,-0.5022227791596008,1.891971886690401,-0.0414271010371519,-1.510532953739316,1.4319937454515097,2.2361094271395734,2
-2.455562827640552,-2.4350942026388704,-0.6339103960742389,-0.5730879887385989,-0.7987782216439451,0.8314075652833556,1.2855638863406638,-2.30188478458194,0
3.368590075345502,3.3911584964996204,1.2713380400603234,-0.7207142556825362,1.7126197517159296,3.6812990845644937,-0.7282734399423597,0.257892271681213,1
3.265537416398968,2.0464253640927783,1.878904156143568,-0.9788274046008324,1.3290691566288317,1.9093014473569634,-1.0644188762108557,0.4368515263203121,1
-3.4072049444415726,-3.2558287158799573,-0.46313951202108594,0.560140224316365,-2.010027339681669,0.5400732818333435,2.5663849176931706,-1.1020673206621712,0
-2.139436997644927,-3.5641955261822584,-0.4755707390563201,1.6598155346298546,-1.1553921616433742,-0.4343630344540631,0.8924830887111574,-1.521236349506994,0
4.137349527929857,4.74247791831635,1.313194497841665,-1.9267944663110774,0.9587634182099863,2.8563822983356784,-0.5612190718230999,0.1509765558207007,1
-3.751531010396297,-4.326532094963516,0.5818861638167209,-0.5699793351273033,-2.425537176261214,-0.37603565580939263,1.4180999148342466,-0.7225140484550526,0
3.2632487174245397,2.4128007233412374,0.5203300349746833,-1.3917901898048695,1.7528385188377973,3.436737293057057,-0.7633038910405804,1.3192085274763898,1
0.9445226339154701,4.953502572240555,-1.5191931270656007,2.924361144119042,-0.9661698503178142,-3.113283182189397,0.8565088244806116,-0.008104829745257836,2
29.746003032859782,20.520290994933937,4.497173949383743,-1.2065097973933865,17.565753779476374,21.168529034198304,-7.737556921084609,6.38410443056416,2
-1.3902876348738766,-2.936480205373479,1.7497228759573091,1.2501235958974388,-0.8259275987253866,-0.5072277360624071,1.4023685441888118,-0.6782058314895087,0
0.8242232270547328,4.563648205934934,-2.5178981571735406,3.365300780910254,-0.4096494514421311,-1.5060310943622741,1.9825248845300703,0.539208138462268,2
-0.061902313509594555,3.62267443968486,-2.1206453305775046,1.4577507332452462,0.5234945479352203,-2.2060022749510053,0.8060514850730219,0.42970340452750655,2
-2.8421081123428733,-2.33664527310619,-0.27777343064229065,0.1796198849694437,-2.2653267005211677,0.20224166701809482,2.871463165052512,-1.3019376067676574,0
0.09375432063105964,4.969155019894114,-1.4728213893855573,2.6139031145229623,-0.15427614544728094,-1.4287215389822638,0.6654689221585965,0.773919520299142,2
-3.469798194177607,-2.7815933699141295,1.3087184252746873,1.4261330305571078,-3.10390265601867,0.21305671032118184,2.0504235012628045,-0.7102768002391149,0
3.084726557764502,4.068412239990508,1.3062623993569804,-0.8765951652324785,1.3600842890311846,2.4646100749017528,-0.586785540025173,1.002593745558232,1
-3.0414978522181526,-3.510500855461563,0.20986885391489907,1.4437372644136195,-1.497904696160031,0.2381469838078365,2.4690554695415328,-1.2623890240283266,0
-2.897843194098658,-3.011926522536224,0.6981480116069927,1.7591606126509762,-2.7356542207119943,0.6816733502021163,2.005797336970549,-1.1426473027871835,0
0.7935216506041985,4.505416834095134,-3.635718963450172,1.7259593933492854,0.5343338786691426,-3.585175994199701,0.771315187989135,0.7369364295823226,2
-2.2375477523024454,-2.070619707412616,0.4516034456917023,1.947510122698578,-1.4355113390961236,-0.5861787566792235,1.5839197534608853,-2.0363755587955112,0
0.44485417770709834,4.326861692032436,-1.3542442323513542,1.1231754243853667,-0.1697229781266271,-2.8328587488714496,1.6690940078292442,0.9709339377166357,2
3.2467237480320996,3.2372961573323784,0.7412094783538576,-1.4174601673457443,-0.030484508012005307,3.178118372346491,-1.1861832059705346,0.8745838047506107,1
-3.1773642982636106,-3.1114294099660427,0.6423717684339604,0.2940247706398246,-1.0052052513706644,0.4638661792698387,2.2695265563592706,-0.6104265900741158,0
-0.8884431999538357,3.5550267021966553,-1.6307798835971092,1.255630957185626,0.9885353648330386,-2.388198530923122,0.9693101582825272,-0.2243361583854102,2
0.7500345650484771,39.75324015915291,-11.782571115084458,20.9112249161837,-1.2342091635782475,-11.42977231185811,5.323751377268772,6.191356162393136,0
0.08004437687441741,4.763992739017719,-1.6698906345078788,1.846430450907469,-0.6828697253103189,-1.9995510061297184,0.5594587726049225,-1.4251039444036038,2
0.07229205354640088,3.7172930203251022,-1.929452789734838,1.6978437021619326,0.830809314233955,-0.5905185030922802,1.3387587375657306,0.055537530176919425,2
-2.3080127302742794,-2.971820448599676,-0.40047533455858797,0.04781914359747108,-2.4989954815303688,-1.2373354790575666,2.0766397516129613,-0.2124692548043824,0
-1.8945701479128576,-2.653810341274003,1.181564457940863,1.8693719977696677,-0.7089304785168404,0.42986942397883654,2.418842932952418,-0.6362375986574482,0
2.3405168247044594,4.127630655490064,1.4371838981218537,0.48425917432976684,1.1846929535219028,2.5883967960662986,-1.9624738606402632,1.1003108180533872,1
-2.8951103102089037,-2.712179657388826,0.5828435393717432,1.311308772736663,-1.6075795730534124,1.0178351270202206,1.6804701990426945,-0.20743579947452662,0
-4.046083933873515,-2.5105622878135785,1.9368794873621236,1.1203722327059418,-1.7361276134479542,-0.09940225008526492,2.430679736877993,-2.2114701238550527,0
,,6.681703015714585,-0.599595591586267,,0.5742978288670944,15.174322056458262,0.8943462000358693,1
-1.666457850154871,-2.9750964661107626,1.7275837186907566,0.9346909452425558,-1.408259521767699,0.2558321308499842,4.225197575557274,-0.40410009760864773,0
31.124537625923747,,,,16.53105793495936,19.106169061884234,-13.617872932774887,-1.7373665901172153,2
3.397886667202373,1.760156613125696,2.285826618880309,-1.8343169176593124,2.5699925700057054,3.2150807061870403,-1.095867080750724,0.40151065336413305,1
3.710732277067297,3.167708550901865,2.0075350398479634,-0.8847186661261971,1.3261037544202767,1.2513925783338113,-2.633814285668218,-0.2849890832989719,2
2.0320832807909612,2.938450813406072,1.2072231539298321,0.2953242636906277,1.560199345503651,0.8660760704527866,-1.565789802949235,2.9176528931758137,1
-3.5323561936499552,-3.392527914861422,0.4844265436055525,-0.09401904173789455,-1.3398609797497434,0.6772263910475075,2.205053676448104,-2.1122282949251074,0
-3.5501836255519486,-3.202912930832409,0.6388668124385077,0.4629480520285518,-2.064397274479279,-0.952170406314522,2.2735075182622273,-0.6182737166230577,0
-2.3028429206244194,-3.4232190313256785,-0.7896691234214703,-0.3416182272627475,-2.381589146694293,-0.919217402739956,1.8917724689660638,-1.8322161075183234,0
3.3434248317191217,3.5956026327014348,1.5079955883231055,-0.4505319979184573,1.7542841554732715,2.4493113628186194,-1.9258572471328128,-0.3285548629510473,1
0.3675504286034466,4.730932017115772,-2.2148078187922087,2.9624710391015756,-0.010829533985761482,-2.7584493040281672,1.48720335065374,0.3992195235452086,2
-3.325066274536814,-2.660361237965605,0.3322679911957471,1.2558411415269533,-0.40395432815772203,0.35606168011266914,0.7586098228332236,-0.6822030579871288,0
0.7816428593131246,4.179469094105088,-1.4989909032476594,1.8192270167317106,-0.8295518303122791,-1.1165278842181607,0.33011185321332004,1.302274647336223,2
-3.765429959323388,-2.722106086850812,0.542270149897092,0.08814351821587496,-1.5358379782716178,-0.05581069469976593,3.258292816651248,-0.37405067004061343,0
-0.14079532448913357,4.404660203851215,-2.84862219980437,3.0318298811127002,-0.613087967816164,-2.84049566123946,1.0007330302577757,0.5848569285825496,2
,-4.131871580115462,,1.622389122268905,-1.8794027324681797,-0.4858303267003493,0.7250547606527531,0.2268532881856573,1
3.4032486524929735,4.171782146689733,1.3036383855501161,-0.6818276896918324,1.5359784980219646,2.2704762561581515,-1.6134941546507424,1.094798189671871,1
0.23352161327218363,5.365440213827658,-1.1489194481770382,2.1843302214359177,0.13581221464579363,-3.804871422506501,1.0693651059653504,-0.055792599482343275,2
,,,,8.923208689257768,17.55264707738399,-8.990393287221167,4.001627455485798,2
3.2121713194652313,3.0872880943559426,0.8213850774849819,-2.075390619830971,0.46595442557727806,2.0912791426354467,-1.5057959187507108,0.574226436960618,1
-3.2813948060904434,-2.8291269277151536,0.6912428159964858,0.20239969923589785,-1.8368687867057885,1.0064438579415236,1.186544341085999,-2.4816581142793717,0
3.7668656880470666,3.3853034576543495,0.08363346332841015,-0.5724804909426642,0.0037495827435887197,2.344024476969952,-0.7034302614199659,1.0128759508999239,1
-1.725090804430824,-4.156231403725487,-0.3967484447920824,0.7034753754774132,-1.8644118889987877,0.5688209014275512,2.169161803874587,-2.24247344174949,0
,,-2.377957425014918,,1.3037445204366607,-2.1698095344561588,1.3964494653494697,0.9705084847404952,0
1.8597666440289995,3.513466728174279,-2.409315254064121,2.1459805267961416,1.428345390027176,-3.4240942549842495,1.2981456085902767,0.673875845532578,2
3.694005265322259,2.4211239095171413,,,0.14479920964110904,2.459701166316217,-1.800503959383277,0.9063190995714763,2
-3.521488057107949,-3.4424600759662374,0.931364777587319,-0.6289698578617171,-2.8028355791538893,-0.19651338059549828,3.084923396290388,-1.3050110617167177,0
-0.8200116302183882,3.701149328107424,-2.1639999916291552,2.2772554695071907,-1.0908920958018136,-2.045085418555203,1.4755816973086215,1.2378291173145695,0
0.11806736634329011,5.2939519211160935,-2.470411849996296,2.3123274148829256,-0.9123566269412109,-2.7718499762658384,2.8018165376913604,1.0445532148773093,0
0.6727193736339341,4.412398087902188,,0.38853312743585233,,-2.2632094433209513,1.3257029127788378,1.173648997934055,0
0.5504265678041055,5.350189799167761,-2.427425177409741,2.133071965621498,-0.16476599496909305,-2.600500852646715,0.29438252953797683,1.3861535385897725,2
3.69374668358205,2.4100314094476722,1.6989275332360996,-1.0308595959754578,1.2727821728720896,2.004041959226757,-1.8919550560530864,2.2196196923373632,1
2.5747296713312084,1.845653568048561,0.7987702075609147,-0.07268412406092406,1.8225194070829245,3.912466560124124,-1.375938898312322,2.713461927515035,1
-3.049500914207124,-2.9687392033255735,1.0308471228508458,1.0922588989075739,-2.405453401536863,-0.5690818172481265,2.1645839602061656,-0.1491623084516145,0
-2.49260172991066,-2.004525555053511,0.1802330134829352,1.0710132014550346,-2.905525135563269,0.18671531758364904,1.2555081893956979,-0.8602554874619398,0
,3.530443732655331,0.8408055584710405,-1.3477072919555937,,1.6097013708493806,-1.222077878394214,-0.2507086156914371,2
-2.8257462627223395,-2.407587156384589,0.7233663838165019,1.881380394534315,-1.5664757174148702,-0.23251797088730372,3.8927895750955708,-0.7240336453905785,0
-2.9509207888867484,-2.600178153596267,-0.18013314110907186,1.517784755889046,-0.9264598320581772,1.8225384091252868,1.7367270666082923,-1.3206572611676894,0
-0.539507606048746,4.109419594017665,0.3056978758577036,2.7947093117223867,-0.965986466132587,-1.9101189572159156,0.36297277755919666,1.136343055463568,2
-3.805605156429897,-3.0615137196909346,1.1582026254185123,1.606178046892007,-1.3518731870434648,0.6204757716975666,2.343536696295673,-0.1597856192184749,0
-0.676813264211444,,-2.7455310589688917,2.8185418998392473,-1.37734743768433,-3.208104060692137,-0.30405908348262467,0.7933144227005864,0
4.069272445330078,3.802193215818792,0.12370345147406192,-1.1848531789943035,0.8485775117173414,2.312741234659319,-0.3769130027752521,0.004179545851888067,1
-2.837837689034438,-2.324380655089934,0.5615073459565093,1.2744076561560296,-1.287313802053706,-0.06407801359274551,1.6284247203092468,0.5499068310543378,0
-0.5896877225377454,4.802859306805784,-2.222135980337019,3.2725654095283345,-0.12626057676981473,-3.1752531960066124,-0.18139738629036972,0.37952339798614,2
,,,-15.228180606727463,10.523895159113836,27.483724964110216,-10.670906618754456,0.46205656406806916,2
-2.6161004554191405,-2.868418488759727,-0.5136890815905333,0.9524138208109165,-1.3165749315479334,-0.6297863505414276,2.1328903749862103,-2.0183757396804523,0
-3.7105475340101712,-1.5658710443956994,1.7496178814504917,1.7952340784888,-2.1445952784663893,0.5985135270080951,2.4477384866485314,-0.6902180630571629,0
-0.9146637958193764,4.619440615269215,-1.6154634570874509,1.0536986364851961,-0.22491693737651788,-1.3671928773098314,0.8477435553588002,1.5427466635534366,2
-2.6699230342184026,-2.29109892752612,0.6088005293679262,1.2462294858794425,-1.4627912566954928,5.907516398992629e-05,1.494909376520007,-0.7784540168286844,0
3.269721166031444,2.9929881734185906,2.340027786022647,-1.1772600918322127,2.317602369728614,1.6130381178090172,-2.219606508527556,1.5051633718666428,1
0.05250799564218744,3.8846319435401697,-2.2867450802409857,2.713238493635469,-0.7821155038270469,-2.3850375024812744,0.8513632563535148,0.03758919437617797,2
3.2163016492599907,4.422635917297237,0.2834465668100764,-0.8577551466242666,0.9402398043916491,2.1170966954085033,-1.5347132155173575,1.943126269129491,1
3.5024079261250445,3.0793593766176564,0.12076164499237341,-1.1189121385058174,2.466895310891248,3.6736163587719872,-0.997856079673926,0.16675955828214095,1
2.9532479248198324,4.458247671341324,1.928290349025679,-2.292962710144212,1.2806019171214842,1.658936373856895,-0.30222890774599076,1.1709947975931358,1
3.8031643772598667,2.0651802047480894,-0.5102900220113682,-0.9773791701686976,2.4595211552324843,2.529666860087288,-1.7352872218384405,-0.3009415564186859,1
-0.5130085682600118,3.807170949981425,-1.1431121949153784,1.662884960209925,-0.1377375921722754,-2.5459525814017034,1.7251926313701453,0.9299875776176727,2
,4.016819975126734,,1.507319686493986,,-2.7301410192701865,2.1296255937672997,1.2379963843649942,0
-2.786698044171898,-3.727988874368347,1.02531583706452,1.6583953014738495,-2.8657246320576855,-0.9115256548036226,2.0894882822170997,-1.2213698146405076,0
2.6135816122884044,,,-0.451804425309285,1.368820545367211,1.8052270347519674,-1.453959827368637,1.1192371395647516,2
-0.3538324873975511,4.4988220326535195,-2.3098131665925563,3.17168224385135,-0.14214001694806364,-3.5475550594557297,-0.17559661449249853,-0.708702706624297,2
-2.5003259044623203,-2.830848834826274,0.07021623902497204,2.015825194314745,-1.8084566950988197,0.022475371779654262,2.1882394133750207,-1.4337661538900295,0
-3.4997123768255385,-3.921781147740769,1.0850655274200358,1.2445454357923007,0.16782159787885131,0.2941320191074561,2.2713921988834103,-1.1168495510759955,0
0.1779334735903601,3.462480650783635,-1.4039583111602911,2.4950301666636,-0.37952968788653707,-1.9773265872637484,0.8829552141160983,-0.3159629379339989,2
-3.6083330735053476,-2.8758227197541415,1.3487631857821203,0.7733458069993795,-2.6843738544188342,-0.012293978534212135,1.3683038336452413,-1.2396386570647175,0
2.8370044987190908,4.340804284101002,0.36514411043286954,-0.9969846503597882,1.5104201126453167,2.781708527340465,-1.8006308521261507,1.2203224139127113,1
0.28227595941921585,4.34995892924201,-2.2616618331690828,2.3740999289947053,0.507132815115649,-1.9114908002807074,0.2956308452301407,1.0336397916020146,2
2.2403352962005,3.3538472309457927,1.5440515755192883,-0.09898083024433868,1.125479381984138,3.1490585399821533,-0.5473688887660628,-0.1502728788988268,1
35.79494566713866,30.947340658681203,12.396341142199919,-13.387631928400959,9.127229404498237,19.46887020120039,-16.34227989445798,10.802601339916661,2
-0.2678985628360681,4.602102301577296,-2.7187740957414555,2.1942598752549918,-0.2240542153067733,-3.372755736936918,1.2711478335960926,0.14607110817102192,2
3.06265629983467,2.8339181966318185,0.151342194858192,-1.6687180561738661,1.3025898626453531,2.6690165117217006,-0.4914311813970158,0.9707419404871412,1
3.2006154831057487,2.5544014708341156,1.0508011564137132,-1.3341930349853959,2.6299722660624276,2.882871660511227,-1.0311236053584936,-0.866842234623028,1
0.6658156195452487,4.99446610249721,-2.1436625203561572,2.471063903325263,-0.23648613194518348,-2.065123872373461,0.49575637384845606,0.3662256531540631,2
3.0326387899558127,3.9480103258539354,1.4630348762518368,-1.6129401127477179,1.0469054531388788,2.846451913166309,-1.936884738544058,-0.4820703184843689,1
0.06458592010022415,3.657479849573183,-2.7234468720222846,1.4779065291037536,-0.7467454662901799,-1.5498636912001356,0.4868171681021829,0.8263575858560351,2
,,8.376214214062294,-10.165428397934384,,19.777331504002227,-11.021011768683481,-5.201929770328968,2
-0.8250179350007417,3.800750504199769,-1.720782735836353,3.5301713104696146,0.10669082309112866,-2.788167888733896,1.157038318809943,-0.2957749957593999,2
,,,0.3242541636338656,,-1.459081508491932,2.4299893068499445,-0.4723014510464225,1
-0.4026524880929479,4.241293701218699,-1.6757873902109044,2.9473824411233456,-0.16172211186221888,-1.8357437539782686,0.9447180732877656,0.14704150731344123,2
2.247298133845038,3.6088328310154694,0.6606884669157043,-0.6179443681050332,2.268129255042007,3.018897236889515,-0.8635882784502865,0.19388452661443079,1
-0.5896877225377454,4.802859306805784,-2.222135980337019,3.2725654095283345,-0.12626057676981473,-3.1752531960066124,-0.18139738629036972,0.37952339798614,0
-0.5424974669864712,5.105072259875252,-2.8318653276203705,4.071898597737433,1.5665640444909084,-1.3571102901734426,1.892835290042157,0.4408161492364513,2
3.370179245369229,3.2645738382238516,2.335563945342817,-0.40648869735186033,1.203960020924248,3.07264906529214,-2.4783647166616247,0.32626917742324024,2
-3.7894465354242,-3.2658645582529267,-0.027024342060034567,0.37395776774572986,-1.728383403516128,0.9992396985791532,3.286170672841264,-1.2351574575281035,0
2.0537428517556835,2.1606927252394916,0.27121380483584645,-1.3110166165369783,2.155878296912441,2.9048787386117874,-1.1339032702268703,0.23075280408662036,1
0.886160508904019,4.888073934621543,-3.819674148859167,2.948912600330129,-0.39070625012700244,-2.182843947718566,0.9901053185525603,0.3651186617392206,2
3.0519163236242153,2.3382321244481292,0.6405836090656237,-1.8577314771078193,1.6197797289718894,2.7980002162094353,-1.2183442561061244,1.0086527923336814,1
0.20532461017985576,3.816178304528791,-1.6837894580635386,2.1698947282455725,0.08915711325376116,-1.5312262036820088,0.8822655683411333,1.1438630381343946,2
0.4365494697281559,4.060093679172507,-3.749951506857677,1.7428101976219557,-0.042733589997635144,-2.455281042147668,2.178623685837489,0.9079225084606692,2
,,,,,3.305587824406441,-1.2452790973248988,1.409379345941729,2
0.48784306371707303,4.3995216873365885,-3.2987474559865713,2.972305442875168,-0.3956316197616203,-2.119247814071662,0.8468392508160899,0.6666275653814642,2
-4.281984258950587,-3.2349251576830524,-0.8935683965867984,-0.04654258115904342,-0.5452964391302635,0.6266294873801801,1.4963638367006467,-2.051752419228628,0
-3.03829310579449,-2.1840295370813267,-0.22560738240875988,0.9408360829419686,-1.0273987380735714,-1.6668871380853443,2.7236503175572295,-1.827715400544506,0
-0.3781074878507308,4.461480423526793,-1.9061968666824631,2.0685500627144213,-0.09013100301076842,-3.2038863586264448,2.6420131272727048,1.2413830621457294,2
3.0167050948327074,2.7914641800002826,0.9789835865340699,-0.3743271525096913,1.0360034445043063,2.4116340949087145,-1.4927992908637673,1.6052096368693594,1
-1.666457850154871,-2.9750964661107626,1.7275837186907566,0.9346909452425558,-1.408259521767699,0.2558321308499842,4.225197575557274,-0.40410009760864773,1
-2.566626487074603,-3.8126383694707173,0.5226590705089214,1.1031256313405293,-1.8288855559491088,0.3048208351701925,1.453696581748884,-0.6431255045567175,0
-2.518567207880089,-2.150981415793791,1.276418868044492,-0.11440910156901873,-1.288913385230967,0.7108606515380507,0.8391651040924284,-1.0055331607612654,0
-3.830949298462059,-3.254282453298164,0.32177428116377893,-0.05512795344113308,-2.1896106226175784,-0.6025891749664991,3.7201968644531243,0.26121936342300245,0
2.7766259816129177,2.4758752632133576,0.8455407487311021,-0.7892207830295145,2.188041344523233,0.6623973211322385,-2.0822328219839665,1.111367369532304,2
-3.924954850151688,-3.3129508143075053,0.6473742695524727,2.1102026816719066,-1.3446120556266101,0.9686042528350993,2.448510377142044,0.13918093762527994,0
,,0.7753141117313944,-0.9963694859386859,,2.753269061223488,-2.4496198956573796,-0.07973922546109202,2
-2.7974485901300223,-3.2489888208997244,0.7350888798531166,-1.051416063096943,-1.2319799845304653,-2.5538889776503484,0.7935756148162074,-0.6837619793413111,0
0.4009359398932705,4.570919235604928,-1.249703089941589,2.4583892245315773,0.03923426240686899,-2.1435145049525657,0.5361453149581552,0.005655584756845133,2
-0.031330348865056624,,-1.7732422505397873,,,-2.695949478341998,0.4007193690785765,1.6404386103662236,0
-3.316365685897456,-3.466114397784305,0.8038068764150749,1.1762980907065035,-2.483354083327229,0.7858747781946169,1.9340637972544168,-1.7776517666510043,0
-0.5896877225377454,4.802859306805784,-2.222135980337019,3.2725654095283345,-0.12626057676981473,-3.1752531960066124,-0.18139738629036972,0.37952339798614,0
8.08906167648932,40.21559284924048,-21.491476540297562,7.756757824489183,6.041475519855669,-19.376243656545952,3.8268941633998113,10.571949125031374,0
1.8913775539917186,4.174028692602137,-2.2910101000394203,2.9119990109464,-0.47755170326840146,-2.5986733030433617,0.7094733238515181,-1.335157745332925,0
-3.6436166002011277,-2.651987479162365,0.5996980152493957,1.4833397478474377,-1.799076852435574,0.11097778375369995,2.437913275777136,-1.2165425778041667,0
4.260693420482116,3.3136995012386943,0.7363836938835604,0.7449172066469627,1.2007118630693359,2.100204859948184,-2.7424601312051085,1.9772640984713203,1
,,,,1.329530370792597,3.4254951258549338,-1.0549096632138475,0.16666137171815132,2
0.7706005813669025,5.202097830315507,-1.7379772408409297,3.1175383479602243,0.15057296409502458,-2.1112235647903796,0.7790424038115703,0.5810688780454649,2
3.7014223953171737,2.933151348683249,1.2223164235821737,-1.1303197438648829,1.0472687584643001,2.866015766842323,-1.8886581609191437,1.2703028306945334,1
-2.354152194048503,-2.5379737557467656,1.8415114137147872,0.46559247788253766,-2.4654044759440117,-0.6960345759465836,2.462309796583906,-0.651453946011435,0
1.8277718748714888,4.097959124065947,-0.9531191893587854,2.5187554101836067,0.7427631803218057,-2.9819352376060557,1.4380211801627114,0.32276661822391617,2
2.8684006289382404,3.176714520214675,1.5272484453795054,-1.8611821033190037,0.7645352705367958,1.2760373793615336,-0.8935218197496804,1.1752263052333243,1
-1.8688123030865667,-2.454329405459985,0.7011035327254547,1.524169720187734,-1.966725595144799,-0.10726167218074992,1.4231084950623663,-1.874119827495398,0
-6.249229608111683,48.04122760076728,-17.23194913919491,23.342813559809336,-1.8740560030169902,-21.986676565190706,5.449515489049959,-4.679136412739803,0
2.5673619152503546,2.2756953065206784,,,,3.690554930899822,-1.9678368578482919,1.2072704127362894,2
2.5647148065769168,2.812543798427372,0.5969690328932491,-0.8515204092081432,1.7671833741357295,2.4626376089000424,-0.7395718581888775,0.5681143473716558,1
0.3885488040499415,4.7948253585649585,-2.377957425014918,2.931164956003652,1.3037445204366607,-2.1698095344561588,1.3964494653494697,0.9705084847404952,2
-0.5215915720614824,4.767374123439366,-2.939648036226341,2.510291277695606,0.4006909077942357,-1.8646831014837033,0.465082569481044,0.5124256805450226,2
2.878077806445161,3.096756397832012,1.761218234103925,-0.39579448290710284,1.386795297871127,2.031003432185244,-0.705307687842768,1.541723826636906,2
-2.2842866917668188,4.190041874927865,-2.032120265894821,2.03724586910436,0.6044818554118171,-1.658580901220668,0.01157234098433968,1.965440657639563,2
2.556722058408484,3.3930788082337515,1.0957418821216893,-1.3138028415509635,0.7648795162235028,2.6874419382447576,-2.348903159329813,1.299236729484587,1
2.960844104157704,4.238358328039084,1.375194963447657,-1.6384549571328555,0.9904136602451193,3.462324078261458,-0.7113727559595654,1.0197049371569422,1
3.054760170049786,3.385184149658093,2.232631670289325,0.36389858787080254,1.456622950875862,2.127335505490537,-2.1439860777515873,1.6838749053000988,2
0.08411265336533047,,-2.2801629669340997,,0.10427097886964466,-1.9478080007934082,1.1358728756341825,0.7634832000410596,0
-2.80914831559751,-3.3930381187480183,0.9884717873000033,1.0774291858050744,-1.499062107271859,1.031067500532702,0.2843895100219396,-1.9923789191116987,0
2.4133865737020206,3.8164018145727407,1.2531203652905085,-0.8204787623990271,1.9808675674395715,3.705980918358341,-1.3803312534687464,0.920871740390031,1
-0.7451759173291985,3.189476981390598,-2.942570449193899,2.32043210986018,-0.04859845677321914,-3.0551376432914026,1.0552476488782583,0.1963164513641366,2
0.5581554924396364,3.1881889575487627,-2.9907855358260864,2.1400139181157423,1.5190869000515914,-1.3258064479900133,1.4945414290579948,0.7495796648068149,2
3.402047998295465,2.8925147744809734,1.3696130757861658,-0.7802243932505499,1.5407850710760411,2.596427584593991,-1.183654401624446,0.794093295608105,1
0.5581554924396364,3.1881889575487627,-2.9907855358260864,2.1400139181157423,1.5190869000515914,-1.3258064479900133,1.4945414290579948,0.7495796648068149,0
0.09538081437744457,5.339688128878079,-0.631159419225348,3.031533640020928,0.967764449685758,-1.963257995415816,2.1969294791491683,1.7955975440038872,2
3.398795517065888,2.9743049630667033,1.7063783343785386,-0.2488934998268404,1.9539960865762247,1.481760682074728,-2.089022107166253,0.8076021271786612,1
3.0304150170460202,3.1721631165773196,0.9799251986276405,-1.0368284651387722,1.9291309468395503,2.120543441963849,-2.163380434947423,3.1166470168356737,1
-1.4395084726108187,-2.303156801938277,1.179797304776038,1.0196155309181136,-1.6520583107530735,-0.14658617892772566,2.273371417423662,-0.01916960747627272,0
,4.016819975126734,,1.507319686493986,,-2.7301410192701865,2.1296255937672997,1.2379963843649942,0
3.2836680639145017,2.6678561394010507,0.4079590436918741,-0.281502023616947,1.7712470934701225,2.8432580195813175,-0.4485193964037708,0.2616103659769988,1
3.392369792690991,2.5570095816035185,0.8789468210120498,-0.8850968479465027,1.6723946640457008,2.8456059001221736,-1.9054364891674296,0.059700883522858184,2
1.2308909301451196,4.09535818208821,-2.1248044153923873,3.0040331873481203,-0.8664080658080948,-2.002093720644445,1.408342946315222,1.3885277226264827,2
0.25060170393588854,4.6024026822759625,-2.0508108631150517,2.4519957716589205,-0.06300718124653355,-2.7573897348724294,1.097883866510487,0.04926005134535372,2
-0.6413645007551078,5.388261599003188,-1.9996288547268302,2.393826363834699,0.4142607132517055,-3.203463207440205,0.09759244127004019,0.7858461056091459,2
0.7500345650484771,39.75324015915291,-11.782571115084458,20.9112249161837,-1.2342091635782475,-11.42977231185811,5.323751377268772,6.191356162393136,0
-3.1925995758586785,-1.953541082135923,-0.10608178098527021,1.6777948482140366,-2.6780088401310636,-0.23441952099004237,2.113927145573504,-0.5896443680485053,0
-0.4059340791183491,5.096175911260335,-1.9573164202964346,3.5646676133737443,-0.8078474083779462,-3.5333237413183074,0.5686479278171032,-0.46922766362401913,2
3.5570047566163847,3.6246613621580166,1.2204771010062523,-0.20800294064808944,1.631651824009326,2.6403274047533754,-1.4151316187260696,-0.41277086005976815,1
,,,0.47449276721442124,,0.8856119618418288,2.017114105343851,-1.2053821637447817,1
20.1446681414164,,,,14.014384393862997,22.58935968956179,-7.56760598032498,0.9608914179316459,2
-3.042712145719886,-2.9116843624983177,0.262276482075402,0.37714677159196175,-2.5280476012207043,0.4430078264901016,1.4516192622723656,1.1416718602977762,0
0.7549052534860761,4.194460865144489,-2.017947530918221,2.893291092767001,-0.41899107103327504,-2.1024669805538267,-0.4325007896838675,0.8077951718902459,2
3.0360881943274713,2.1971260902134992,1.300162252483737,-0.20802926662918308,1.444557171308392,2.3581457046898544,-1.2385917527491015,-0.4199285931820813,1
3.7924359570474753,2.746466206161513,0.9643168942863238,-1.041898078387096,2.047762726470679,3.587495267945961,-1.2422974113611152,2.382423759750151,1
-3.038979536854996,-2.9962739976838098,1.298146635255715,1.8451975198178405,-1.7304465788513057,-0.14976720070256816,2.465004611438945,-1.409631914248908,0
-1.1485885622730578,5.445942962126741,-1.0554058481114212,1.67819417178415,-1.7650207894175116,-2.55055513564307,1.7856970865098751,1.6138833788601414,2
0.09338915709957601,3.832847244339016,-2.4048398374030815,2.83538695257416,0.9921333684040458,-2.526642086409406,1.3878453855121093,-0.5111355388070233,2
0.9287422203183546,5.082492513019982,-2.1785109568619028,3.461278599148332,0.5235595601753178,-2.6866125545442245,0.8838631014292442,0.7305224123618039,2
-2.767603154580146,-2.8273217952724794,1.2592104740246914,1.385647066625478,-3.1641033442109867,-0.5493454730091939,2.096743590547296,-1.1364859202838509,1
-0.007220261496105986,5.153393162928217,-2.19952163878541,2.374232758203548,-0.0228389157562358,-1.7254224769852877,1.218137328972219,-0.2401336904336655,2
-3.216315655637375,-3.1210097577104055,1.1751854775675334,0.9773640169133492,-1.1285142433826871,-0.1372030084915111,1.760492976487567,-1.9848399159213033,0
18.085028041074903,25.782811668818507,,,17.819820213950738,13.350990589251264,-13.322609692502839,9.056781395102819,2
4.129879746117141,3.0706310746029475,0.5637395715877056,-1.4349761454829828,1.0456138148532197,2.0037286852679106,-2.398203461822562,-0.05029428155435589,2
-3.548980956240626,-3.087531091101919,0.07293079376002043,2.609764848730387,-1.562811538938133,1.0816625061875913,1.8630643684346182,-0.8184986509255644,0
-0.473765811259087,4.378055067081583,-0.6131155816946532,2.6758496581073343,0.6085277988178307,-2.1220805089255372,1.1913504207983918,0.5760892300105482,2
2.878077806445161,3.096756397832012,1.761218234103925,-0.39579448290710284,1.386795297871127,2.031003432185244,-0.705307687842768,1.541723826636906,1
-2.956806756164742,-2.9739405145048963,0.43784248660124936,1.0026573761350215,-0.29684349786509845,-1.6237275087258527,0.5989179788929249,-1.3802195817392797,0
2.4336305129635645,1.607582700091909,1.378426652062953,0.4840565397355523,2.4726921810060434,2.3198774803140294,-1.493808285312138,1.6213943797487391,1
-3.805605156429897,-3.0615137196909346,1.1582026254185123,1.606178046892007,,0.6204757716975666,2.343536696295673,-0.1597856192184749,1
-3.118056227380317,-2.269379621595654,0.7753638091778678,0.02212655957420806,-1.0410673571800322,-0.7592274357053667,2.9887591489727043,-0.28313081211128266,0
-0.0819536627570046,4.950509765603189,-0.3533802718813279,2.7828390936840672,-0.5356484312116155,-2.939298021915086,1.0004607457561043,0.05697374831735291,2
,4.953502572240555,-1.5191931270656007,2.924361144119042,,-3.113283182189397,0.8565088244806116,-0.008104829745257836,0
2.4908425815386077,3.0282354838882837,0.781412263775343,-2.109922362220179,0.8556809706254902,3.5977445129446823,-1.230693679790336,0.07348818901902765,1
2.5608753518581846,4.025962117841743,0.8126024210667679,-1.3033988893470563,1.8376703661327167,1.2144428583374491,-2.0533741148060436,1.686750959084283,1
-2.9935787262725095,-3.081386651717256,1.7895054609977845,2.347147225908801,-2.6650494753311404,1.7457489040095926,1.3593419951926733,-0.31352869397080196,1
-2.9722145313817068,-2.327485984683875,-0.8669708710337736,-0.38168370890127457,-1.3083373082735363,-0.004981798589961041,2.1191238602343527,-1.3234889526207119,0
0.4325795302877589,3.693946982038589,-1.7899399569130032,2.5956021622439893,-0.04529601643684399,-2.1931163576323414,1.1108124759633684,-1.396810819946665,2
-3.6157496991572544,-2.5283439244325696,1.1023707955730118,2.09117137345936,-2.1132769469595702,-0.15851820918089693,2.5230904358004187,-0.9598129499932896,0
-8.029001869485999,,,,,-29.24452067125206,11.660477775279585,-1.8144405219405089,0
-2.6634773387658637,-2.687428176779039,0.9657695762809504,0.9310601608434035,-1.7963088184309077,-0.05580274763447933,0.8188658962293791,-2.012978730696161,1
-3.3260377154006546,-1.337775414981498,-0.7164002165959924,1.1425432250968608,-2.289567116453968,-0.34538093826787497,2.098993631338381,-2.627759962412001,0
0.8592159077660588,5.227400682038927,-2.09457912163464,3.113018674632664,0.607647528912091,-2.561159889345217,0.5148436136082545,0.05533617821436909,2
-3.2836884858145323,-4.35578662843413,0.2826612166628394,0.7996439351115315,-1.63294668871558,-0.7793716293452937,2.4056927997335342,-0.6328448372997397,0
-3.007447073632735,-3.9634712493545634,0.2786616067931684,1.2557546194446374,-1.0709242336677807,-0.09869152821109302,3.0722452234207367,-0.29474246030940876,0
0.28943130517385307,4.403601991453603,-3.349264795001723,1.4811101550815373,-0.8030865440230244,-3.118080334279782,1.2900963306350466,0.6532571929501452,2
2.670993896689257,2.0241189093726097,1.4907252188104747,-0.21751591961519445,1.2823653295491992,2.2359350281326087,-2.1730957737852807,0.8950450796727034,2
0.024940799443396604,4.681418911065057,-1.0638597420266895,1.6743448115404234,-0.23950663485029408,-2.0333669597260147,1.3366481074095378,0.821583887339459,2
3.003726104638975,4.247327358105448,1.5251407874624232,-0.7850241461923049,1.4540585226793894,2.0631709920845527,-1.446945915024953,1.628153021314017,1
3.4032486524929735,4.171782146689733,1.3036383855501161,-0.6818276896918324,1.5359784980219646,2.2704762561581515,-1.6134941546507424,1.094798189671871,2
3.233199772452577,1.489225236076451,0.9739874505462819,-1.7141843044828944,1.5709149386072845,1.7455845493669155,-1.203026303781368,1.0135291965671727,1
-2.2466318897735302,-3.591962722937143,0.7331492608327785,0.9818960064323006,-1.2802642519797125,-0.583358164164584,0.8873027546837218,-2.451088405193904,0
-3.451056984149116,-3.042176292480901,-0.25037378660315335,1.318516604243264,-0.4884118301514264,-0.05414932587459785,1.8621800109072633,-1.7802318741475487,0
-0.8178253404010208,5.912677389729048,-2.531428371221611,2.4938754222703845,-0.8119926077852692,-3.4087113081484315,0.38790011364566324,-0.1793662523649785,2
0.08411265336533047,4.811648897172914,-2.2801629669340997,3.0877969555919766,0.10427097886964466,-1.9478080007934082,1.1358728756341825,0.7634832000410596,2
,-11.064871236295565,,,-6.870790307234248,-0.6112128487434731,14.583863900620145,-4.851271917278838,1
-0.09920266688068241,4.2439702966667285,-1.4088003981984645,2.6996441484560303,-0.4529116353660219,-2.4735939723224334,1.268218315859335,1.702766069015967,2
2.6566764875144027,3.2765999733222078,-0.9246047702269886,-1.0272504403393885,1.2808703998516562,1.9270516783127305,-0.7429846712600275,0.7716294228633203,1
-3.0924708489691874,-2.8409860411287737,1.6200330969237255,1.2957271969660586,-0.991779676872601,0.8184890763491199,1.1812267992829066,-0.47159667526817006,0
3.6060719022258736,3.4994223237111415,1.4121149360168022,-1.0688921860604461,1.6714574589311277,3.2444562499160687,-1.956452198581956,0.5601145549121942,1
-2.572408558512402,-3.30394030328122,1.0532754338763204,1.685709738809181,-0.5958194740389289,1.2448246347038756,1.3935087029383928,-0.9902712534672422,1
3.411080363221388,3.4164667207237613,0.4927983202684645,-0.8868363295343125,3.0391934974376325,2.4876814495210535,-1.9852308622997117,0.8783663274464879,1
,,,1.6599360608576927,-2.1894964494071094,-0.31886949150240135,1.0294904227108648,-1.986978792158713,1
-2.61086157809039,-3.324660308946004,0.8258477419163959,0.2923917575005778,-0.44684529698754116,-0.46274836706499806,2.350759802835726,-0.25381565917980586,0
-2.892144005495792,-2.321413146476256,1.3667122110428949,0.5344567957468639,-0.8438361231562466,-0.5488996054292862,3.27834654283476,-1.79363971779381,0
0.3931472104987246,4.108935041069527,-1.2258054074104274,2.058230384969116,0.1144906079766875,-3.405158525611053,0.2767031408642734,0.5359706693053304,2
0.8464507748791225,4.594316630462288,-0.7388501769574458,3.095341042241336,0.14838778484012832,-2.3239594282875276,1.0960659902773373,-0.37586714991649406,2
-0.4952663072027621,4.419881492777185,-1.6432444657556038,2.3244967610944074,-0.3741294351988206,-2.9579915801890317,1.2372733294687803,0.24936200455252044,2
-3.301320833423371,,,0.7853118985218439,,1.1876106780795954,1.0617506543851574,-0.46110017486125177,1
2.7766259816129177,2.4758752632133576,0.8455407487311021,-0.7892207830295145,2.188041344523233,0.6623973211322385,-2.0822328219839665,1.111367369532304,1
3.286954909486397,3.23563659463914,-0.46993139000758566,-1.5499739197872522,2.343155286124309,2.5554505334628974,-2.4919062391720903,2.6490748271187057,2
2.4520862618818935,3.8375489347304033,1.6189314170989508,-0.5789149983592563,2.147951234975865,1.115904892242846,-0.552315117244825,1.2744434816086194,1
-2.6107473083237944,-2.875917043135801,0.7038619917931658,2.031527974577167,-0.6417762630625241,-2.0069384676479203,1.7777930116136227,-1.115255719280766,0
-3.0429270420801933,-3.737028957492764,0.26588067935088633,1.910031216289271,-1.0921413306086052,1.2126181237869609,2.8241883222843853,-0.6926393247492967,0
2.3035458893285696,3.158811112608916,1.7089695936367613,-0.6984965204710109,1.6167146187433514,1.9421296427031558,-0.8929727301215912,-1.1923333731209267,1
-3.0673252558463324,-2.2103867998554882,-1.096516491760346,-0.04764708293232833,-2.1460205093266875,1.0228252067042303,2.1978108880435077,-0.4628779316771412,0
-3.6057399824712837,-4.135347588781146,0.9301080860247322,1.4418668296470034,-1.1638311932417633,0.28540985873262714,1.7756217351637165,-0.4487621069301324,1
-1.0225077141803653,3.8765741920946906,-2.503430827174059,2.3545244678957364,-0.53272373253875,-2.00507149243217,-0.1235932410208922,-0.6058030880360972,2
0.2812237958633475,5.078286480556935,-2.3892181235058407,2.458418088529127,0.8133345941326104,-3.2719324740871496,2.2632915373791604,-0.4374084823177028,2
-1.666457850154871,-2.9750964661107626,1.7275837186907566,0.9346909452425558,-1.408259521767699,0.2558321308499842,4.225197575557274,-0.40410009760864773,1
,5.524221450145949,,,,-2.267812394899784,0.9848040780786081,0.034963274298903,0
2.7865544803425863,2.516769294575557,1.421326954024509,-1.4751517216895247,2.208162289594653,2.327995458436461,-1.9547225967163815,0.1226863163583859,1
-2.852394778538339,-3.123349141273383,0.7802169358167712,-1.003062859070471,-1.2884192470601772,-0.07934779848786491,1.9645603208601063,-0.5054272409715208,0
-2.936657152860488,-2.8402401689027665,2.2622318262737444,2.313791227897169,-2.097270345391174,-0.20116835308442327,0.9755905987140978,-1.4134949097744405,0
0.5004663237279976,4.9241527553527575,-2.551850579611288,1.6822149414773637,0.01103458282625449,-2.1072770420864138,1.2836225981347857,0.14148810894708308,2
3.4302508336572757,3.878610891693306,1.2157225621075576,-1.3119756892372467,,2.5494127027921367,-1.481960864413506,1.1280501274772703,2
0.2897358875173466,4.073309503415455,-2.565475669718045,2.2523035853911044,-0.34455179722292545,-3.5206913931472057,0.5439534422365071,0.6863560892441936,2
-3.9043175877621827,-2.7531609572579794,1.8390683654122264,1.3263243635381174,-1.763348472648425,-0.3549736962997694,1.7127620186584234,-1.1777738746334467,0
-0.1574442012541946,4.328452699884644,-1.9657431251043218,2.549885300904995,0.11471653835322818,-2.919178441819749,0.6113797929551726,0.41698868782261866,2
1.9960444547796778,2.47112149688163,0.2606142141965325,-0.47132375681672956,1.7459167731915424,3.2694287956497172,-1.2224592278123572,1.1460547073113583,1
-0.582320864764671,4.503153545856546,-1.784040644770697,1.3191236329740221,-0.13252422579752848,-2.7121393297559817,1.7196476139722257,-0.7911478956677238,2
0.4016085196559042,3.9814633773648205,-1.86440337370539,2.692104898575947,-1.0878551747144347,-2.323112457855673,0.9679665545398026,0.5909764044811977,2
3.501337017798873,2.934275721437144,1.7553866455269462,-0.9944074837644401,2.054992982962376,2.157103453987595,-2.768811856598049,1.1878512916129658,1
3.1575817089268816,2.9626599264272904,1.6048305382519612,-0.5752867758117914,-0.5900757738769462,2.8816695430999197,-2.2024355866528587,0.0047898809859108216,1
3.341013272477969,2.1310183353629015,-0.0412298353665308,-0.8325889207959329,1.8662396130888252,3.132363968936563,-1.1520046317297343,1.3721101900199237,1
-3.4313349179934862,-3.8360558365071213,-0.24513092228832056,-0.27987671800905156,-0.9891198476891293,1.2662401794579394,2.997730260429214,-2.1382591420385615,0
3.5457347145151292,2.985057506650608,1.7958080434153942,-0.07933435987900328,2.3394193280740443,3.3438783951362008,-2.225895733261103,1.3378448496190432,1
0.6281734377274856,5.003049564717478,-1.815274565391916,2.0143662321164784,0.2698911638839303,-2.5469055555276583,0.7842208620584469,2.375143182476247,2
-3.309184255921096,-3.3321590535333274,0.029706582167155937,0.7789473596914961,-0.6750844047771682,0.13946662887446745,3.7302663532388287,-0.8806442697862454,1
-0.4426742297945487,4.058459806366144,-1.1429224640498563,2.9448573111642324,-0.7160756163556812,-2.373395602741618,-0.661643237474798,0.0982418854104084,2
-3.4854543152005966,-2.418277699632418,-0.43952261645963475,0.7151393758592087,-1.9094118944531004,-0.032611089237537555,2.1952049992530673,-1.7055250647364812,0
3.3952970022492126,3.014839050458656,-0.8858018323847414,-0.13001873129223174,1.5956595543776826,1.9266477351999685,-0.8035310817033351,0.5257219909651708,1
0.42510455749051074,4.6161687204314354,-3.1520482153699714,2.7460254031073865,-0.03955626317320387,-2.1385100020719165,0.7259272963712006,-0.06103558052011682,2
-0.07156500957349889,4.484302984211154,-1.0589165195368295,2.4862378690404388,0.7598752932268402,-1.8420658939080399,1.4669318833085572,-0.7506331740907741,2
-0.14898716729796918,4.732217289538878,-1.8708440123940537,3.5960393328180897,0.31393166705126224,-1.5705589731400467,0.747994149883062,-0.018367787875207542,2
,,13.944505114317037,,,15.821309380080525,-17.997079176729308,5.139088305356774,2
-0.2561329715962181,4.534150973524241,-1.1731412649095057,0.9049176975882502,0.4125453511468388,-2.733719378195487,0.3613773128124651,0.735580956993186,2
,3.376948497548758,0.9915790560707375,,,1.9280939444805445,-1.2914467761221098,0.47484665083050726,2
-0.3340446402614057,5.235373554934551,-2.086226207031234,2.9281055555145645,0.4697086990477004,-2.8167082376589017,1.7643345050332964,-0.03128940479516973,2
3.124264857861936,3.0157362073076155,0.10442693845495266,-0.22260608179506258,1.1485124097416648,2.047066652413891,-0.6031386053661997,1.81075586815717,1
3.3165778858915353,3.4628925762181315,-0.2472127493707701,-0.20582728591194688,2.0359868681244766,3.292621159783142,-1.0915324357166607,1.4575778961679229,1
2.543042594307944,2.910922683710299,0.8799851179585447,-1.9035225758409329,1.3154868948892295,3.435465620513777,-1.333863327344307,0.057757070508508646,1
-2.362133368801737,-2.8609949655229383,0.8425687572568864,0.8185535184794418,-1.4561111877343,0.0752739260375441,2.1505686950733254,-0.4592221346920675,0
-2.6392127179694325,-3.404277221148955,1.3921130518588671,0.5606887244941563,-1.945630698171565,0.378792127563172,2.5340485376358557,-0.6863304452446575,0
3.7236666089792836,1.8071302620468161,1.6487991395035788,-1.1769056188011409,1.35191737784363,2.786825853736303,-1.0931608316040233,0.42155977621976426,1
-3.0360974876333495,-2.6173330771684604,0.8883575652077194,1.4736301862435677,-1.9514022146461307,0.2383083104510818,1.3867583751225951,-1.4337500881098082,0
-3.0061562826399,-2.6407601322459735,0.20680587925247318,2.560812288986684,-2.597551291501349,0.882656126494089,2.9575352155046795,-1.5965111641759155,0
0.8165826940230457,4.432676451206711,-3.0874622795717146,3.5522409898214815,0.7901771240457537,-2.521937375358805,0.1423710198681949,0.08965952639471836,2
-0.09302076323567958,2.029553032883384,-1.9599881147987208,2.512464635040651,0.7269981581886755,-1.5836573362044186,0.8686043570257418,1.0713603571717687,0
-0.6095790850528752,5.726385373264076,-3.5595526770716908,2.2423645703194985,-0.29204746845102303,-1.6933640825529879,1.908811726157846,1.1679565588033767,2
0.5369873824122902,5.0712293336785805,-2.133446228714372,2.254125756816031,0.7933192886907467,-1.3351187238612754,0.47542295335966367,0.31563632718641793,2
3.125420242220612,5.000231152825294,1.210787319996417,0.12445280544150261,2.343971201634369,2.757607025546163,-2.192437040141475,1.7418275275727644,1
-3.5960760324300374,-2.5340903345805996,1.259700903112137,1.2565719850660608,-1.7003741134889843,0.31777590551608725,1.7839288611175113,-0.3451170121743955,0
0.3923204424711634,4.872523311891608,-0.6215419282244863,1.3919312061944347,1.126741739922143,-2.8916295202042317,0.6870933780617017,-0.3554030708718552,2
0.13889090243515503,3.5484295070542977,-1.837097183644526,1.42047252613154,-0.7194088719886349,-3.913083984701637,0.8774181331299495,1.6267435916163657,2
,2.5383516126787113,,,,3.2672996564487375,-2.0056522512071697,0.5836908593582023,2
-3.769760842091039,-2.8359911477361717,0.6056450687645472,1.405497379924653,0.030104636492337633,0.19410267184759275,2.3395572369448905,-1.7542929302071277,0
-3.2045198300624884,-3.0724417876461727,0.32361583525518023,1.106793758471728,-0.4699556189047902,-1.796660908651908,1.834204814843221,-0.8764413050392872,0
2.481769443912902,2.9705397638545294,1.4336956442878797,-0.7218701842159951,0.9635279239221874,1.9333377800085803,-0.8082009178281391,1.8340855688551017,1
,,,0.7327834742011696,,0.34088073654990725,1.6714183618580933,-0.9912541168906188,1
0.7630465150195566,42.71750503102463,-5.049275353802784,24.252269120167423,7.742115597486064,-15.706063963326528,17.575435833193346,14.364780352031097,0
0.4541287085187054,3.7746170983518623,-1.6730048854663226,3.4749752945218786,0.011733720083363337,-1.8029639178355283,1.1076583763753416,1.611200529698803,2
4.202669997367876,2.832200355028439,1.0368284531379663,-1.6057643622845559,2.0016417465312086,3.456675425102798,-0.362851507830271,1.1423551672869974,1
-4.494285567233799,-2.567902893655419,0.8887521599560029,1.2165740991098615,-0.812964175484319,-0.815379667522728,3.4061287703295973,-1.6715994271993075,0
-1.4865462213300515,4.539989329417493,-1.8595051992868792,1.776017398601918,0.10324345810305706,-2.7527129043084044,0.06007223550224272,0.9700394265064987,2
3.957181069416895,3.036156200113121,2.0006723821979078,-0.8203138506698402,2.097262864008353,3.0033651322618358,-1.0636962536236205,1.2435541340278973,1
2.781533275967596,3.5120460168634073,0.073602201265757,-0.9965303120936508,1.6653895394123095,3.3090257262488927,-2.6096782358254353,1.0215267839744329,1
2.4313191890104244,1.4580054322432592,1.2534874831598883,-1.7708797745678626,0.748899892131152,1.539240047977922,-0.9558514560834959,1.498024556097283,1
-3.2784445397581456,-2.7393721079577866,1.084930449520371,0.9202585248628412,-0.2562961070176657,0.1674044992434225,2.1893397702771393,-1.636298386159602,1
1.6767394266038693,3.355363238222102,1.6757394785699429,0.7698495326462651,1.2261617476755373,2.1229016724156526,-2.276594721307469,1.1460493345409049,1
3.30955544342562,2.9573538617044455,0.6910323813438352,-0.8939214429643136,1.8851776201235895,3.9432594069121256,-0.8424057047412734,1.6831929648710888,1
-0.22653766859394311,4.797572193844402,-0.8518020324715012,3.680520331607748,-0.9542053595096796,-2.744807709518941,-0.09628036959559849,1.563919552577058,2
0.6183461464311544,4.286025497088945,-1.5508025456903025,2.6560294141026866,0.5038795866519622,-3.441014986467941,0.8980372487617956,0.45937303046594324,2
4.0469947048260195,3.739626894329125,1.4785401106358047,-1.6379180421135704,2.71200012572264,2.875411002545791,-1.7700871422281352,0.5322109962862914,1
-2.611092537944913,-3.4355173901779805,1.1911836015324804,1.8102554306147938,-0.4945887704056964,0.3705893849880055,2.954400098459989,-2.3165588995818402,0
2.82722334314189,3.341593959563211,0.24472996906595634,-2.1396295497658477,1.2562811464143278,3.034880083851253,-0.3187128723593531,1.5474897673663182,1
,,,0.3242541636338656,,-1.459081508491932,2.4299893068499445,-0.4723014510464225,1
-1.4223532330305924,4.490743496906009,-1.7819994383399549,2.3018739733903115,0.3677246776371363,-2.343393089171657,0.6208420184207732,-0.8553325521816431,2
2.238748516166985,2.431879964165525,-0.13013687786327233,-1.5139034226302681,0.08969986334660951,1.7874078933626232,-0.6597057200628597,1.2825116491967719,1
,-2.7290588894229795,-0.3075724414798324,1.1109136353498146,-0.7843149422476695,0.5439510712936287,1.9332999490902458,-1.3275834193270046,1
-3.7245546798284486,-3.008459255551787,0.3525169899457902,0.14887635312710856,-2.5944345635080817,0.48002432469226325,1.7543333324474153,-1.7155961971531306,0
-0.256152208933003,3.726356611427737,-3.233482608730781,2.0478244076743577,-1.0182466857709578,-2.9359745855659773,1.5210861135884006,0.23721988521733672,2
2.064512938503613,3.3490451070762917,1.0623085775753158,-1.4506289296826147,2.098271160543913,0.9584202617150108,-1.2573234758794036,2.1336046106513047,2
-0.6512100998475214,4.93012890711311,-1.3385339323815508,3.1406878706525814,0.1504019222263544,-2.4076298890695327,1.3688066099899316,0.7126348528620337,0
2.064512938503613,3.3490451070762917,1.0623085775753158,-1.4506289296826147,2.098271160543913,0.9584202617150108,-1.2573234758794036,2.1336046106513047,1
2.435857554967616,2.5645947332688186,0.2132197662993962,-0.6920532233186351,2.337639508290907,1.864356297369595,-1.301590994978754,0.2761222023292029,1
-2.6634773387658637,-2.687428176779039,0.9657695762809504,0.9310601608434035,-1.7963088184309077,-0.05580274763447933,0.8188658962293791,-2.012978730696161,0
-3.6423962821501816,-3.8318721982187887,1.2449466422006061,1.4820281906852213,-0.816334241015309,0.027519146217007413,2.5437653892056025,-2.232902583249781,0
-2.5581076889148964,-2.364124691912887,0.5888068834070898,-1.1446459064186771,-2.3946618538982625,1.3203324109892571,1.6174235448801353,-2.388900256190297,0
-0.1363321587114808,4.889309805639363,-1.547583396629553,3.0119811506027503,0.20264108578787665,-2.3643114439126434,1.0702340028859814,0.09680426843635875,2
3.4748820127076434,3.4482116573660155,0.4357527689339046,-0.40579385415519276,1.3877363548383157,1.5130325569898888,-1.1813580927540008,1.151873276530167,1
0.44485417770709834,,-1.3542442323513542,,,-2.8328587488714496,1.6690940078292442,0.9709339377166357,0
-23.93590554108779,-22.606791065113935,4.247589317383509,6.8636816851449325,-18.061592305374404,-0.8458905145988038,11.821849762745925,-15.00176701796962,1
1.921248902449024,2.5660324352750044,0.714885329377061,-1.2823067190444377,1.5524868525928854,3.497878960659713,-0.9315326511207802,0.30873755410591386,1
0.54455395401928,4.2268562940834284,-1.755309435957558,2.1766048983520174,0.0349831822946169,-3.2522855911842368,1.173289889282156,0.5309314844717102,2
-3.2624612828943946,-2.738863377096075,0.06347951751925118,1.0163487212801887,-1.9198246143832054,1.1340492163952356,2.254588705240074,-1.1526203896730955,0
-0.06305053706602357,4.654830539738817,-2.29125958488657,2.7363739130932863,0.014915243248577771,-1.958415676230862,1.4641786667460117,0.6170073013093889,2
2.8165270440787595,,,-1.989462126556857,-0.13782368099517783,1.7605574755475795,-1.0607542723297088,-0.11894897240929803,2
-3.3450018382268913,-4.267149324760771,0.0780964458788444,0.2349733312308755,-2.512903203490511,1.2056519593969544,2.191003762618041,-0.7342186935702115,0
-2.1369953796836936,-3.1551173189986716,1.1969443642824826,0.5169191211936379,-2.5398774116655916,0.0988183131828481,0.7704662954775803,-1.1678397090255141,0
-3.724605763356459,41.14125897796214,-10.933516759124164,28.4721653786198,-9.343241556479837,-25.080225447365976,12.609589428456891,-10.847641087335822,0
0.6488652925794337,3.9351242003841653,-2.4250169603008076,2.8182347164972428,0.33573282655285747,-4.203925508885955,2.410784454647941,0.869987438483832,2
2.5480823782796294,3.5128476965258435,0.30001065343272204,-0.7503011526748332,2.022792767444006,2.4382281847948297,-0.7929554121945507,0.7869828813571453,1
0.1767639372220497,5.145719013265345,-2.3728151006450093,1.9434262882641784,0.9525032212786374,-3.566071134796129,1.8760224964264371,1.424353295237668,2
3.667312486149947,2.684138377765501,0.639780812501096,-1.4742563818164454,0.05762973701298146,3.400964581962838,-1.9491427073966112,0.4389928541713626,1
,,,,,-2.1931163576323414,1.1108124759633684,-1.396810819946665,0
4.2684237237551494,2.5200053652489185,1.1531735597327601,-1.9025346381813661,1.2654726840852775,2.1368082807031756,-1.1748850297532054,1.7119152644927338,1
-3.724605763356459,41.14125897796214,-10.933516759124164,28.4721653786198,-9.343241556479837,-25.080225447365976,12.609589428456891,-10.847641087335822,0
,,,,8.923208689257768,17.55264707738399,-8.990393287221167,4.001627455485798,2
2.934115254802527,3.3525552012668376,1.7430631392896296,-0.5750625956606137,1.5515596164945362,1.9776636725100656,-2.2496348970911635,0.6423860381695967,1
-1.8946361205126956,-2.8880058704985934,0.4169531717230822,1.20007829772178,-0.5857987808052227,0.15356775095469943,1.712350938416384,-0.2255979029580779,0
-2.4496605119429598,-2.3168111647941636,0.39140879732731976,2.0016433131770466,-0.5420714243644092,0.17037924148037745,1.424675759919872,0.10276365460487802,0
3.9001981552747984,,,-0.880968130007555,,1.470849064531765,-0.9847607063831377,0.9856531064790186,2
-2.8770096806846053,-2.0970492109672314,-0.7142280478560366,1.1257526765460375,-1.9097649513811303,-0.25949726913117344,1.3666347477499046,-1.118685500990311,0
2.6231906332783455,2.9735714758860285,-0.10691754705769485,-0.5070667584137831,2.858606857427308,3.0048577609598546,-0.47674058271688646,0.4077285046758684,1
4.2774153124649805,2.149040542069627,0.7694259238111141,-0.9701642338449058,2.7468588493070976,2.154991736522919,-1.8338188161232947,2.0841078909240034,1
-3.957834008285782,-3.1326888580774948,-0.07382775013959075,1.0779453005786779,-1.7720432267467727,1.0341755654822682,2.3546082079331776,-1.918262216044048,0
-0.4243308633438935,5.235858181608148,-0.7570113773440001,1.9043397433319007,-0.13524911453073496,-2.227962308098885,0.39985797321207794,0.6892064626954814,2
2.673717783097788,34.30211722107339,-10.773351883161599,15.11084845266259,-7.394923162869196,-37.89360543354048,7.6072106702719315,-0.6006600611632367,0
0.31994543992380375,4.218298385468834,-1.1494971866426398,5.318076829909085,0.48389746924604093,-2.4302294547172143,0.0914959203054877,0.05376298547799263,2
-4.22646900090888,-2.9340718592373816,1.3741304406873547,0.23940249828658677,-1.2645193429170893,-0.6410764341075064,1.5296615834242262,0.034175543919024554,1
-2.9306756252949593,-2.3484132415546295,1.75831616570402,1.3614083004710156,-1.7602016876099864,-0.6251914351094038,2.0080159041694583,-1.2094852927196795,0
0.2300090390665497,4.056457540538398,-1.7020353311542646,1.7403053582366454,0.4438436492553223,-1.5347793102756528,2.1417318807355663,0.9959668378768711,2
0.7066795077085812,5.272417243298758,-2.314749463470497,2.648656569591562,-0.8459323571329631,-3.1268366373350895,1.086915662493366,0.5219847513058905,2
0.5533011502789634,5.5427928257190064,-2.3896678512370597,2.8874783534797666,0.3025285372621696,-2.494331532055799,-0.06861701335530168,-0.4111181457774147,2
2.912967025405769,3.1371524451107784,1.6052049159001123,-1.2405207660802655,0.40532971607465274,2.9348382916170315,-0.7126428243801334,0.9421859767783876,1
-1.0773359153954793,5.170959001340238,-2.6038696609776815,2.5918368425403773,1.7980112633631293,-3.173658296376844,0.4932891416209154,0.48774038399387976,0
-0.5741361126066116,5.6145505950313375,-1.9469901493521122,2.822595592409769,-0.18732490561338805,-2.0388957990880368,2.105154917894904,0.40809984366374996,2
-3.6306278967132024,-2.6332343320651304,1.010099963852042,0.596346895436415,-1.1083217405686836,0.39633143100238305,1.615313165208942,-1.7859379025896964,0
0.7089993457039855,4.745411520804223,-1.883733597117853,3.4664417702446317,0.8479276363320972,-1.6893687123407153,1.3196759018475817,0.25554019034008624,2
-3.299829475514175,-3.2464934853417606,0.872616429887344,1.2558108450548549,-1.211087171882808,0.3015747021055179,3.499153320609323,-1.2844905114692309,1
3.344016812957713,4.444726174959667,1.953720770800149,-2.3271896394022447,2.494753156648849,3.155480291910253,-2.5817099618701302,0.7877588683026517,2
3.054760170049786,3.385184149658093,2.232631670289325,0.36389858787080254,1.456622950875862,2.127335505490537,-2.1439860777515873,1.6838749053000988,1
4.063667275516429,2.570520208497595,1.6166464242394385,-1.013287819776603,1.4703866920291808,1.915233797806374,-1.541147856106537,0.4644327111718082,1
2.6605700050548156,3.8601705019016235,1.281620773949631,-4.072380209405385,1.9718162416213376,3.8427150762401383,-2.897135310283855,2.0635713729518583,1
,,,,,-13.91231174018637,7.41529816964023,10.489284819550466,0
2.0423140076226867,4.25362899986304,0.5544527651062222,-0.775267793584615,1.9496220025503463,2.9637682908468963,-2.5656199614256416,0.8382582240703569,1
4.249934524034914,3.620778430159443,0.5251550848111992,-0.6411835045981402,1.6803870048935887,2.1383626666176827,-0.9692850479402787,1.2725137737730872,1
0.4166106044917989,5.166957916180719,-1.9352553120755749,1.9301927935848786,-0.320627203665755,-2.0541312458391294,0.2851224915621754,0.375353382351856,2
-0.9453850341221262,5.103833322259245,-1.6436706219845558,1.3301359303042866,-1.446909680161181,-1.7734074969854567,0.8739304893145288,-0.3996274647184127,2
-0.7908567788072363,4.046149110462552,-0.7693223586499631,2.551047424201993,-0.7016154366554187,-2.720340364942594,-0.1181993348165935,-0.2099117844981485,2
3.3852415709834216,3.572398124384039,1.3053956172630048,-1.1537631703569902,1.8954584574827702,2.61965685978981,-2.0446866893024143,2.295288625662518,1
2.793303669095964,3.2506725288614513,-0.483372758152133,-0.37636312954937934,1.0261067566714852,3.353974306343938,-1.834715447161308,0.9658094899861926,1
2.7235019100912776,2.6048449840704193,,-1.9814671972299354,0.9747372841714648,3.548894192955226,-1.6446194823972475,1.493088167989269,2
-3.179657881479827,-2.474914731504139,1.8536554396317306,2.3723392205481186,-2.359599916575748,-0.6485731778100055,3.0394431507136956,-1.740796735586346,1
0.1797310760265426,3.8277173876022035,-2.216520921438158,3.762428529569064,-0.3266819834085397,-2.7002262235659797,0.3402295129406122,1.3023325643654042,2
2.039757109546322,2.8231981734061584,1.0718828396681261,-1.3521017589031281,1.6958741855133868,4.29515932280493,-1.5851190132425796,0.6952160608008273,1
-3.1625885309469646,-2.9470006984302164,0.50421167630525,1.3138268461812117,-0.6842847251169762,1.1531757983223305,2.2167340573364167,-0.5873171797750785,0
2.8302522455453767,4.1951534095700875,2.897382738192468,-1.8430568639738305,0.6183701569367589,1.8299930205342951,-1.5723018905269885,1.6270463577260799,1
-0.31947470087791896,4.31180362005943,-2.0700836618556107,3.528827756589511,0.02104872287950711,-3.364971506570472,0.16288506320121943,0.5974609451617208,2
0.38690995062983385,4.331530804954995,-2.3968988351588694,1.769259051074294,-0.41520955513665736,-2.4862449334044014,0.4495997148432621,0.56723999738221,2
-2.665729463913243,-3.8137001460979514,0.0015285706847428804,1.9593786920298923,-1.8388210921008734,1.5700442186820895,1.9986561027765577,-0.7143746761831132,0
3.2274143370847788,2.3868529101427853,0.9320586118881014,-0.0015711161699762943,2.696674230938388,3.5348303703081605,-0.9503653852892663,0.12103785559309965,1
-28.552470133737824,-26.326000657006237,0.5722579252650748,7.211571036068243,-6.030510707589197,0.8794719776939298,15.111644912583346,-13.799661015824544,1
2.31116603388657,2.552996666736085,1.0697972634268638,-1.1545731498852305,1.9971924135298236,3.413312189875064,-2.183086836064506,0.48623584587024726,1
-3.2061981282631278,-4.7612666370409364,-0.9897186793900683,0.28731767193692015,-1.128143739985193,0.0796596957382075,2.129056695022965,0.36566043788068425,0
-3.503637082184983,-3.485984633573648,-0.1598759401719383,1.6555985490997513,-1.7550641050252693,0.08915373295953993,1.9555439278932119,-0.48795531444134577,0
3.5942065752245496,2.510865606829629,1.5520277834856546,-0.4244394791077505,2.2384692663035057,2.5983786964426283,0.7688813538837498,1.7381735875794573,1
0.6727193736339341,4.412398087902188,-1.9174611312337781,0.38853312743585233,-0.2745775326953062,-2.2632094433209513,1.3257029127788378,1.173648997934055,2
0.40992394926684683,3.2681328155244556,-3.1221000570699067,2.842738300710682,-1.364326998242547,-2.812758184297209,1.1134642659911884,0.7909661789531821,2
-0.5299206960953264,4.6436617641920845,-2.9810158034069256,3.069125015821335,0.08088466621512524,-2.367114523953266,2.0087537447680117,0.1935431511396939,2
-2.8583856657181643,-2.408930366660276,0.5079982388924615,1.9302724133058924,-0.9002442122034312,0.5892740468230433,2.387881550926865,0.6293571702422593,0
2.701588888390339,1.1630832557490083,0.9154619963281951,-1.119083433791111,2.0773199225835772,1.1795865504116345,-0.6866935473955166,1.574419506498359,2
-1.3679899707282097,5.715217602102124,-2.376293199173766,1.3536664879390616,0.6287202533551027,-3.0100300537774998,1.7631162235834634,-0.013376034274634518,2
-0.23372216805802365,4.3770430371021005,-3.0182507110006727,2.075275810146705,-0.2807306721933625,-2.7753085629155017,1.106317038302504,0.036894780903506674,2
3.706780016963175,1.9839826729387096,1.1604279843489211,-0.9538178478257976,2.7000662242496216,2.3389046648218534,-1.620120418862549,1.598471827215282,1
1.0627882389358152,,-2.7263806813694886,,,-3.5628715789073224,2.4279749120503715,-0.20114366221170177,0
-3.3585699103500763,-3.5696409097735144,0.931185595802847,1.790280604904624,-1.5797632203584127,-0.5881095338737696,1.4228631490161323,-0.5445850485227093,0
-0.6512100998475214,4.93012890711311,-1.3385339323815508,3.1406878706525814,0.1504019222263544,-2.4076298890695327,1.3688066099899316,0.7126348528620337,2
,-4.131871580115462,,1.622389122268905,-1.8794027324681797,-0.4858303267003493,0.7250547606527531,0.2268532881856573,1
-3.195773781793025,-3.358442993523389,1.4806173022190765,0.2668989975313327,-2.0587073504283837,0.14797053253378728,2.2733184524377177,-0.6525598759614879,0
26.15776932825155,23.943905387348725,,,18.54081895782891,12.904304942472137,-17.756852068220446,12.041306974933143,2
,2.0464253640927783,1.878904156143568,-0.9788274046008324,1.3290691566288317,1.9093014473569634,-1.0644188762108557,0.4368515263203121,2
2.813522047365244,2.5456581728711045,2.1238383679557753,-0.2657329935469904,0.9673946784662762,2.897911013916229,-2.019875198290807,0.17072074943637316,1
0.4115425621395354,5.30444219636938,-0.9081910072490968,1.9590129050021647,1.0492801637086102,-3.525853959325231,1.5222702341814323,0.15466359978001998,2
-0.09302076323567958,2.029553032883384,-1.9599881147987208,2.512464635040651,0.7269981581886755,-1.5836573362044186,0.8686043570257418,1.0713603571717687,2
-0.20253449177708893,4.173976394116246,-2.227611582102628,3.1647759319714512,-0.5497153148450128,-1.285483900158287,0.0724582570222525,1.6308011912250167,2
,,-6.760425371072374,14.322350165387295,-12.30857175463682,-6.6774138504776275,12.73455559510493,-13.696456310169191,1
-3.712820872652881,-2.9282693430277904,0.330166666819808,0.3293918795091395,-2.1881713493607924,0.19349005497762814,2.6968775297138774,-1.0908153422319522,0
-2.786698044171898,-3.727988874368347,1.02531583706452,1.6583953014738495,-2.8657246320576855,-0.9115256548036226,2.0894882822170997,-1.2213698146405076,1
-2.1475923687842045,-2.3564034263471103,1.5651903169158712,1.251157258734378,-0.8663184189542318,-0.21498895116004976,1.578977431908696,0.19473734829328126,0
-3.179657881479827,-2.474914731504139,1.8536554396317306,2.3723392205481186,-2.359599916575748,-0.6485731778100055,3.0394431507136956,-1.740796735586346,0
-0.5413069991041951,3.8771248546469463,-1.6027874987406787,2.063876273557601,-0.18800454242877576,-1.8865164826839895,0.6191284728701916,-0.8757980260749798,2
20.226430546188862,22.536919410168977,8.106350645184607,-8.194203800104104,1.4407917351165658,17.774093324395185,-11.68524834270075,6.424328045328075,2
3.168050058849456,2.7951070849049593,1.529982858072111,-0.391908127337822,1.248236824932885,2.7312151185242826,-0.6736309163116215,2.323321295292116,1
-3.125727989682021,-2.86225673234013,1.0743699327921932,0.7243811794427996,-1.1351829209875213,-0.1860871543407653,1.9177204828703087,-0.41933667058314894,0
,,-0.7896691234214703,-0.3416182272627475,-2.381589146694293,-0.919217402739956,1.8917724689660638,-1.8322161075183234,1
2.6063421319537663,2.2922771193077214,2.324518181279724,-0.6734550282753449,1.9006765756205466,3.118379698252699,-0.9602746482681362,0.7108230330422997,1
-0.5032629223086944,4.314659760366686,-2.2928695487311463,3.068231368935551,-0.07879893487759355,-3.1376350499399694,0.8794703870934131,0.8603489658736867,2
0.3954239848192497,4.929166983542558,-1.3741829178368188,2.718446496855228,-0.8179499394355284,-2.016761887041574,0.9990332438401611,0.16208378897365988,2
-1.3035938776087321,4.609730714016489,-2.3844550629919796,1.928331466464095,0.10836216298226149,-2.829777006612689,1.6085096821781955,-0.855168337328867,2
2.6891149819441393,3.53156964618152,1.2121337980529017,-0.5867755989095268,1.4544680290968337,3.3188223266898618,-0.8527105622611457,1.3122987029733721,1
0.17186650669652415,4.458065843625986,-1.1395406935616728,2.1216790667798704,-0.16914633201365953,-1.7588298730070435,0.9355763453237453,-0.27618896690108796,2
3.7075469688040146,3.2710132453814538,1.0342473772761094,-1.1927164486534383,1.7570010638203437,2.2817764637668136,-0.8924867299544214,-0.11051965118654028,1
-2.939622314642496,-3.8264160378274434,0.4189375430197637,1.7409869712992707,-2.411245816189457,-0.14451203088737763,2.7173297136255408,-1.2927878732546665,0
2.6910798542730223,3.528250532020826,2.593577082680163,-0.9568727576673669,0.964251139415787,1.6705243542010502,-1.1136315725860808,-0.23523123666898793,1
-2.74873049154397,-2.967759302996019,1.429709634627058,2.177668509738069,-0.7065019079870626,-0.6590763215608607,2.140941397250445,-0.692338698996,0
-4.17227806129305,-3.3404155363513315,0.46235221442717567,2.237550939505918,-1.4088078349689799,0.6879176577161402,1.6504930810225935,-1.829460636491917,0
3.331570323571761,2.729468989098164,1.1884300521793603,-1.7428345325347947,0.8828606222665892,2.9447865107128033,-0.8793169472157327,0.31004068172332366,1
-2.6638996176258725,-4.221210190881935,1.1492069370907265,1.318094236750054,-2.2773014790901347,-0.33006736521496427,2.184602043049564,-0.9632732411506295,0
-1.0946624501439697,4.240001710613752,-2.059566479297441,1.8872894328863787,0.45551759936005937,-2.5458825792480737,1.403819717419055,0.3719624468686046,2
0.057071195462042534,4.477326106252994,-1.227071632481215,2.086922683489793,-0.09819865141841917,-3.2624806840968112,1.9932342340867129,0.7747492559011295,2
-2.461723889898378,,0.12543899263630165,,-1.1212084132473716,-0.579308968514263,1.7126262083894896,-0.9372850628420958,1
2.5467784000643365,4.151011197163584,0.38640462307176215,-1.2362008278743222,1.5752140918881214,1.7354723710391293,-1.2686363299886834,2.1283373342272434,1
-0.3946076056284572,4.215534549684052,-2.3238051931009593,3.3648350182249027,-0.02864131324137461,-2.444630125617925,0.6915546919295221,0.8240067755784337,2
2.8170051549788737,2.5383516126787113,2.1742986149127876,-1.1317342999357565,1.1896410843310112,3.2672996564487375,-2.0056522512071697,0.5836908593582023,1
4.149993718197228,3.2476253348607464,1.4507948749718644,-0.49650733415577497,0.6928892326471588,1.825667550671319,-2.258727402723955,0.06749797101584809,1
0.6892490418332835,5.906085548202874,-0.9584364449422262,3.063671240809615,0.024605405573356276,-2.3531967600128736,0.472544876400222,-0.5137172649118598,2
0.3321006078903936,4.479498533608554,-2.2851197421129963,2.442051130211633,1.1161916554868307,-2.810112884717925,0.6695862707025891,-0.6952109572637464,2
-2.8849755384326587,-3.448343050298798,0.3103744610503439,0.8347089357554102,-2.0140714301739107,0.33956570794797886,2.1668718623861976,-1.0620297616772172,0
-0.2832668087662243,4.550134719957478,-2.439346471647452,2.0983265576949313,0.2883160822737115,-2.3702959375158597,2.492123714591009,0.8071941716448006,2
3.375772219618507,5.171320062621405,0.9141266452196958,-1.0833875236014314,2.0205249000697783,3.6517328677385734,-0.8175225088961056,-0.5089248150084853,1
2.6669756164811678,2.075703797208913,-0.5658478491082148,-1.170876102965471,1.2785442037869894,2.044092711547899,-1.34503732221664,1.2766211999708403,1
-3.8288898323287905,-2.939446120654977,0.7289069081525203,0.4452319186794599,-1.4813902610717309,0.39937592529693977,2.4327335002657104,0.08631608408574198,0
0.1795837552979155,3.948816924690429,-1.8272022496081486,2.1709200209617876,-0.7967578148251766,-1.9806490562037489,1.5726194276066403,1.1642268367584543,2
0.19116587394208578,5.320479049233686,-3.3854767336786447,0.7096241835161958,-0.2795037432249343,-3.464994900521476,0.8343761328861695,0.6439596484164292,2
2.8194335347312554,2.7903598764458697,0.5123380612461874,-0.7000619499409164,1.6642523313933315,1.3865452112114074,-2.65606819666755,1.2972791172440281,1
3.4694300173544943,2.6270850288753076,1.011553623340217,-0.008138908946547119,2.065241063816064,3.057110391615535,-0.16384674908012342,0.5072844612651416,1
2.51808351767705,3.2508468557098253,2.246726921469606,0.13651102458102038,1.7517980492328746,2.8236699611952236,-0.9459507475406225,0.12011142724145574,1
-2.663279934665441,-2.644590083853223,0.9221047973986736,0.7386137442232824,-0.015199618156432892,0.1641017815374684,0.6962606731626435,-1.7016630220363522,1
-2.7805403067848635,-2.4133114024739335,1.8977116241842504,3.0397037262051305,-1.2099133967068025,-0.6926766840223049,0.5075676034880836,-0.812601976359315,0
-2.9634786769397268,-3.1916953538823662,0.264217622651585,1.4337913758377352,-1.2620872471651075,0.22123350945100034,2.286879920130085,-0.5687057323984333,0
1.1720514681307752,3.996417326219117,-1.0259967745212815,1.7711325345815205,0.05094429895908426,-1.6718262140163516,1.7919500065773226,0.20581947160983544,0
-0.15968062720094778,3.973365613773227,-2.2057068282315115,1.6153747764154347,0.1500194401450554,-2.604463159625992,1.384433345963123,0.6402796503362047,2
0.007786312016812726,2.8297709693451516,-2.133393620119901,1.9728672825647435,0.6426501435305576,-1.8034784551311958,1.4036761638909374,0.7768210541593991,2
-4.026103378469555,34.51727808293349,-18.34295638984917,24.545850951484407,-0.6303914790207484,-25.101080399519756,7.035763096747305,6.882791726989494,0
-3.887609741790798,-4.924773213741402,0.3361121239019612,0.8681311109149317,-1.7971238968473284,0.7552153273208171,2.8389638855616854,-1.1192718963492778,0
0.3342147228872235,4.2877646526341735,-1.3466689853951999,1.8888560565828239,-0.9243653953586495,-4.73670067919256,0.9509013337839914,-0.07508250764540458,2
-0.37862838318395803,4.741382196633933,-1.5847464335071229,3.037938616138419,-0.06281879711053032,-2.1299682949117917,1.5219400248463943,0.6403983969967948,2
-2.684777905369331,-2.997824014870054,-0.024869336799162145,0.8349194464776031,-1.628923022560655,-0.18910859053596732,3.2399388695873785,-1.0689122016155157,1
4.260693420482116,3.3136995012386943,0.7363836938835604,0.7449172066469627,1.2007118630693359,2.100204859948184,-2.7424601312051085,1.9772640984713203,2
2.483710195152439,3.0171848826827916,0.7750602289739279,-1.1408328344463252,2.9259895278718693,1.2665998340974713,-1.6642737711455826,1.8482242350373097,1
-3.4652382000441917,-2.7475858256402113,-0.4734798009826793,2.0070938376514618,-1.6008193620382736,0.20302827753847463,3.6280458543171794,0.06150807041258255,0
-4.66053686964446,-3.37500041093858,-0.13072382047846642,2.102974314519462,-2.691945028325317,-1.0089455598138375,2.7769787501739898,-0.05026578977522589,0
2.5673619152503546,2.2756953065206784,-0.09459358298020426,-0.846418131172266,1.664216906625406,3.690554930899822,-1.9678368578482919,1.2072704127362894,1
-3.2233746179076284,-2.847938163632633,0.35854172822741714,0.595474124345641,-1.3229806295210709,-0.3527704189874273,1.5603537413922384,-0.7819830159875923,1
-2.5021413941450015,-2.4446569353600522,0.2558924494260937,0.676353745134803,-0.8994168831199923,-0.1339130274171304,1.1070195736634547,-1.7933010498024364,1
,,,,,25.067543704685754,-5.490207173780824,11.946027860435626,2
3.9680105673285135,3.1411602798441365,0.2935947610432107,-0.7862701988559158,1.3977201778838184,4.917832481570927,-1.3004133110604092,0.7335626070535448,1
-0.21384362136192822,5.15978859905716,-1.0495557147872003,1.7754984389013932,-0.24671538655430572,-1.8594450329380456,0.9093159535509705,0.1546301720267529,2
2.9307958188264,3.2823633697687074,1.1872782002885878,-1.2134075040953851,1.131202762808976,2.3281489571851495,-0.6958803551240802,0.48759444696599996,1
-2.45785370729424,-3.026976783290389,1.7177536293517082,0.6624372649079553,-0.8004645672678576,0.06818938907044739,2.557044606820963,-1.3130103601309626,0
-22.673773745987045,,,9.454923998110853,,-0.9181396001511806,12.746622944223695,-20.74412386084181,1
0.08626326110608196,4.372347328488047,-1.1101382648201703,2.5038432852754484,-0.8783232348199206,-2.6806692110856662,-0.4637579901956397,-0.3476424846397498,2
-3.4478260729248236,-3.6486031589838674,0.22713313779096245,0.03631969671058388,-1.055394337229917,-0.15555588796914135,0.9704355938481395,-1.710905356845279,0
-1.261913485038291,4.522210438974878,-0.8523331889768038,3.6714037868896314,-1.2641352984251748,-2.291113278858331,0.3077200925336818,-0.3351952249971806,2
3.6935332141974992,,,-1.2423134480442888,2.3853458929350246,1.4871381350020791,-1.1033212651202395,1.8550305401452993,2
2.903941308714621,3.5153009835827387,-0.08829705115589714,-1.4129169320876638,0.7045879959752287,3.7400564977407225,-0.8870411277026895,-0.541884848794755,1
2.3107431905053364,2.9265163207207334,-0.0549817499441414,-2.4023583905801367,2.018449896890152,1.972812924346329,-0.8892510484998626,1.7758433045160271,1
5.8020365232188205,32.608417390713335,-15.850848589333099,12.81775007365767,-1.1476766916251564,-23.506666067104053,5.7438386398164445,-0.19941217572988457,0
-0.5150110558915875,5.268030251909364,-1.7551870283703155,1.7869702991204142,-0.1355812791547366,-3.7203097743951528,1.0247594300432101,0.36113404018098283,2
-32.798147358395454,-19.684086820269325,11.098691940501865,3.1998121388463936,-12.050029660195037,-9.661983867243139,8.950683825767715,-2.1310343653433863,1
0.7252545654023526,4.076052173839167,-1.9813560736666374,1.6022187592072088,-0.14345958645314455,-2.9383332583880066,0.7179798299770556,-0.02492652196623557,2
-2.4797220801575905,-2.6197920121863634,0.034143204897914003,1.1625129261467038,-1.4183199336014902,0.15308201771030905,2.610000144563733,-0.8434831158577224,1
-2.6656724891702606,-2.447443411031206,0.9259162155007754,0.8500075402118743,-2.792435907784336,-0.3188368741983721,2.2914577036972688,-1.7633130767853342,0
1.7581323119009875,3.4794681896585056,1.2264318584446365,-1.0402882637261432,1.2267449727802346,1.8736722088423303,-0.9906009615770672,0.1802370100076155,1
-3.0277943976428845,-2.690281776521202,0.28690126600033294,0.7132457501423988,-1.4353521732218792,-1.344641148126627,2.3339245890585207,-1.000394167986071,0
-3.6147066568501254,-3.2338864084905685,1.141131779649209,0.0715250975823053,-1.4785579551839079,-0.33891860333350493,1.7706288339466274,-0.2980695222867772,0
3.7024334036143647,3.7555209595024843,0.8379872416178463,-0.5837168520408713,1.329530370792597,3.4254951258549338,-1.0549096632138475,0.16666137171815132,1
0.5166873608017932,29.259838796585463,-21.787574976178277,,,-12.398909529601085,3.894537344817463,6.610860686848281,0
-3.7821293214358924,-2.7097686004813077,0.9050631436706167,1.0615740274317014,-1.346290550974039,-0.1810941311800111,3.0347952550012414,-1.6304845285988736,0
-2.79280420721903,-3.260340206924903,-0.7297052477350077,1.2295968385998768,-0.2908548500850705,-1.0737029834412963,2.604679609588732,-1.2299676561860258,0
3.170112292943735,2.780240281676504,0.32367023954929386,-2.0289002612749947,1.6567248949476403,3.6294086721577514,-1.3577834662812733,0.03206687573502187,1
-0.5766801361345582,4.291085752156925,-1.3884980582595454,2.139927686124568,0.16634370692918243,-2.5089292353368746,0.6018311309419995,0.1316650778056902,2
2.8754297109780196,3.530443732655331,0.8408055584710405,-1.3477072919555937,1.3608178779147897,1.6097013708493806,-1.222077878394214,-0.2507086156914371,1
-0.6095790850528752,5.726385373264076,-3.5595526770716908,2.2423645703194985,-0.29204746845102303,-1.6933640825529879,1.908811726157846,1.1679565588033767,0
-2.572408558512402,-3.30394030328122,1.0532754338763204,1.685709738809181,-0.5958194740389289,1.2448246347038756,1.3935087029383928,-0.9902712534672422,1
2.579512360561464,3.412972591754033,1.5062841418766388,-1.5379820528539874,1.1548830212323071,0.9422457690314123,-2.2634619820584994,0.48027130770349513,1
,4.685796831947725,,3.1326779820266624,0.9021826746176922,-1.8210716144412111,0.8066261303502037,1.0290750529318604,0
3.0074026438703525,3.5567487896551535,2.152545152838683,-0.5901596374277427,2.062319956536987,2.360102156529213,-1.995458504218102,1.4577903625645805,1
,4.828245156288737,,,,-2.374971711373652,1.4246152102915994,-0.1117711950860174,0
,,,,,-2.3239594282875276,1.0960659902773373,-0.37586714991649406,0
1.646515453414619,3.4234052895012943,-3.420414603179782,2.458761054351885,-0.7941212497722065,-2.5271289648314155,0.9483911847317333,0.36295805152479815,2
-30.082012062629882,-31.04134185989567,6.856776807435271,16.564155482216854,-11.638297921117958,3.204557553048736,5.676134462231227,-11.794064655873893,1
0.2591368199351432,3.6819507725049214,,,-1.2795364531020494,-2.4233506121073374,-0.17960263721229608,0.9853534067589629,0
4.403412542432844,42.801518393342086,-19.41940141927793,17.064575724971984,-1.3181279597527444,-20.80400682117372,2.3550602363038147,11.08922830871818,0
0.7586115464251622,3.8298250917479253,-1.9831458154612618,1.5328945785296455,-0.12685387841383558,-1.9141540500631118,0.6955290506046987,0.325675705839338,2
-2.164466999700536,-4.519430786856788,-0.9098718164057027,1.5570870586538417,-1.4576720863178423,0.17531241018253244,1.0715227276770158,-1.0162635975952563,0
-0.0980945898996043,3.181287526643986,-4.101209489322537,1.4294297539342042,-0.013793399091781226,-2.5461286264662193,1.443240304296517,0.11535897570732556,2
0.2591368199351432,3.6819507725049214,-1.489687922996222,2.4900035713221467,-1.2795364531020494,-2.4233506121073374,-0.17960263721229608,0.9853534067589629,2
-0.2599706488311986,3.6302790587798137,-2.4936338462505283,3.376473797156014,1.0412434045457466,-3.303693306363122,0.6792056321779015,0.44666302958323556,2
-3.9258897286480816,-3.6980727793210373,,,-1.7647137878275727,0.9094598084502458,1.7506152202570018,-0.4837391020730395,1
1.0344854100057914,4.8417432478135005,-2.564979464448925,2.566158045357301,0.08681072302392351,-1.6496949678515533,0.5797322997585543,1.0371370884044013,2
-0.031330348865056624,4.192805462037368,-1.7732422505397873,1.2296667759273623,-0.5113263812362662,-2.695949478341998,0.4007193690785765,1.6404386103662236,2
-4.267433075986276,-4.574848644566125,-0.3367512820086719,1.9274689755671415,-1.531105317393048,0.9033946336248218,2.2876878038306128,-0.4522088219993886,0
-24.877172226885307,-24.22827014635843,0.33318890559541403,10.49800432829965,-14.547907489908368,-6.863392277096589,8.843549583810132,-7.033507660756131,1
2.8877949400238867,3.9911399922040878,0.14894119104378734,-1.577235799843229,-0.3285370588235337,2.1633583336781017,-1.7769504878882008,0.6430159765660206,1
-0.5163747244491478,4.310296650578125,-2.198173020959285,3.811892329902739,-0.2759296001819071,-2.259094848665699,0.596181923466589,0.08728295691097998,2
29.422175317279248,37.5397110022521,0.21866922757849583,0.16575652188301326,12.392758902850314,24.514161214080765,-21.227551990185038,16.22125820692566,2
1.786143291303086,3.7449850656642867,-2.0452900570846664,,0.18733225632178016,-2.632820592804479,0.8706677406315844,0.3355476935984313,0
-4.303291607269758,-2.9796230373963315,0.5216420946228892,0.9176724012024153,-0.6500671197500489,-1.8709841031720564,2.2771537121015766,0.0930067412625013,0
2.8634969356419067,2.5849518907757205,1.7750114998103066,-0.7948463427131585,1.685722376054588,1.9798157147118847,-1.584719891045983,1.2527007725420083,1
-2.524760505849674,-2.952694651357776,0.7023835790829889,1.4419017580869782,-2.5200090738989664,-0.2237698514501109,1.670739141995043,-1.4472144937703393,1
0.7582280403916236,4.917137732733626,-2.2916691250732466,1.8395525411744695,0.056684655544992496,-2.3265504588071835,1.067065257809129,0.37390575891770406,2
-3.6216936976135568,-3.2506116816521002,1.062509513565021,2.2045388818161884,-2.4675270607639277,0.2749792277819432,1.271619242589726,-0.6677120380757586,0
-1.402856985906757,-2.7917422501701115,1.120731338083317,0.6576457723167535,-1.6301696740302343,-0.49948778695924845,0.14380416555655873,-1.9646064937935064,0
3.178557430707431,2.585614834589014,0.3597966051708541,-1.0439226787780727,1.9309097015029018,1.483069717266497,-1.8142143341962693,2.0569094781842203,1
,,-2.7323275538114116,,,-2.8827448955849566,1.2312714289591873,1.3677948349483864,0
-2.7280680594039213,-4.231870995386826,1.0262575260848192,1.090035114743886,0.17086625970174563,-0.7700948876070141,1.928136536271557,0.2588013906461437,0
-2.4706262854591357,-2.734810177579124,-0.36436916083803494,2.009613353830371,-1.8505213206298412,-1.1585667402296287,1.2684694032895885,-1.7147316124748253,1
0.041458125999187884,4.645184539780817,-3.407965902756926,2.0820987690352664,0.32284848309304304,-2.3641046138367465,-0.5078208749475936,0.6449965416599568,2
-3.7981126433883614,-3.783675112689368,0.8134696017058973,1.0407920316548125,-1.1158828267951115,-0.1313696936499165,2.194700608518239,-0.8893166405664236,1
-2.5021413941450015,-2.4446569353600522,0.2558924494260937,0.676353745134803,-0.8994168831199923,-0.1339130274171304,1.1070195736634547,-1.7933010498024364,0
-0.3610226092369198,3.9175006686182448,-1.4909815252238023,2.1721743386800885,0.37943825538408793,-3.2780609584822136,0.05336688653452115,1.028688410299278,2
0.1797310760265426,3.8277173876022035,-2.216520921438158,3.762428529569064,-0.3266819834085397,-2.7002262235659797,0.3402295129406122,1.3023325643654042,0
-0.15843480312249408,4.567118071492545,-1.8640234927923598,3.297980390244047,0.05934830048056742,-1.605918309951567,0.9176410388494622,0.25490425821775686,2
3.8341155299277965,2.509059095165311,1.2437421111613731,-1.1858783322404653,1.7297917734567214,2.0606959311522797,-2.1183976092613452,1.7364524202166196,1
-3.933432023113941,-4.03026864592693,0.8956073651668386,-0.8213218205361821,-1.356212631127118,-0.3346581404276771,2.9157726248159372,-1.345427746407713,0
,,-0.2401707212642954,,-0.5993869080989368,-0.5787663737751515,1.9855055451256363,-1.4101427473161094,1
-0.9570490239113988,5.7535059170768195,-2.0993236989998003,2.4433794824134076,-0.23976459408957138,-2.8418881592458756,2.0808406336003666,1.4702310242702556,2
,,-2.4892414361846704,3.3787853973406494,-0.3994078912975553,-2.6316998795966677,0.291579699358425,1.083065845335879,0
0.08906901428127521,5.305156630948217,-3.5065729452365453,3.91278588065453,-0.29769963803867655,-2.4012332324865024,1.4000144578614406,1.0082903392808875,2
-0.35437320193401606,40.52316257512803,-25.026126298568,15.962971941135326,3.2068495703462756,-19.766347765684753,15.931132275354374,-3.903657742827523,0
1.9928574109318604,3.2936480906168004,1.2729719609384234,-0.807054252369646,1.1537961824868748,3.0790768557983514,-2.5922572317601666,0.953919847928254,1
-3.486125669347747,-4.131871580115462,0.1265363320219845,1.622389122268905,-1.8794027324681797,-0.4858303267003493,0.7250547606527531,0.2268532881856573,0
2.6063421319537663,2.2922771193077214,2.324518181279724,-0.6734550282753449,1.9006765756205466,3.118379698252699,-0.9602746482681362,0.7108230330422997,2
-2.390424060743353,-3.5631686411573695,-0.7657008328095221,2.0804449992101874,-1.320338888501417,-1.2001401268472849,1.5003263519469023,-0.45968799534112015,0
-25.780276672319392,-28.855229435411186,,,-12.9304839149185,10.540179329142676,15.049569140045882,-5.682763023734802,1
-3.9257787933041755,-3.3403358914893326,0.7941586966322101,0.9283223053722326,-1.9553945342839145,-0.47194872320715625,1.5013640549111038,-1.6156567400612598,0
2.3654982585059856,3.321930186415439,0.9501831078028393,-2.32003312739979,1.7625757146279335,1.203303959507732,-2.1616795863113634,1.946176961002075,1
3.1198685772204,2.0041599458751755,0.7703512636020814,-1.0580279164370876,1.142679493080065,3.5372149161794892,-1.1641126741684484,1.9612224425220535,1
-2.461723889898378,,0.12543899263630165,,-1.1212084132473716,-0.579308968514263,1.7126262083894896,-0.9372850628420958,1
,3.4132177661887093,0.5371902899704509,-2.2921152122387767,1.5863165831097208,2.1703882841989675,-1.8080623074109923,2.382740182491868,2
2.966061269670541,2.67408925428798,0.5200751053492164,0.08296264029212663,1.4423720252650862,3.3890300537488476,-1.8732765278778876,1.1713433986590598,1
0.14468305074721644,3.4875848518289203,-1.6551859138485896,2.2683935187368904,-0.11661881535473245,-1.7662149365264332,0.4963951104381734,1.4458290299213004,2
1.8672409113371256,4.712422501237226,-0.11641268481091993,-1.733488153208874,0.7715794016109467,1.4523376662939838,-0.5531842631704184,2.695713530758447,1
-4.023720169397906,-2.4540912712340566,1.0270105170042163,1.590222017015868,-2.5785141473848574,0.20924270680890558,2.4731851990648464,-1.7218414479077095,1
-0.47725803396099753,5.395264768744824,-1.480887000110219,2.3673639083097378,-0.18231239863937482,-2.3733908415090426,1.6142190755075487,0.7781061959165155,2
-3.2882245923792546,-3.2545083032147595,-0.30444279803180585,-0.33569128925768665,-1.5818161304859668,-0.698496388270818,1.9406046278365932,-2.120144094330434,0
2.0781524484569376,3.84578397783635,2.563865156558412,-0.29871622131541453,2.4988893370585283,2.5597599671218116,-2.663053443816957,-0.29088431581726737,1
-0.2670542137925976,4.162771746844789,-1.3279503252548794,2.469517401444575,1.2572662519566584,-2.0364506326655296,0.7128439040673367,0.6677610875912712,2
1.0627882389358152,,-2.7263806813694886,,,-3.5628715789073224,2.4279749120503715,-0.20114366221170177,0
2.5664778727637616,3.4132177661887093,0.5371902899704509,-2.2921152122387767,1.5863165831097208,2.1703882841989675,-1.8080623074109923,2.382740182491868,1
3.365652149684128,2.8375120166532497,0.8749996224743024,-0.5821378718837817,1.400572274236942,2.305222362079979,-1.1706847511008804,1.4677384904903417,1
,4.506968910004197,-3.3043962039310193,2.2919877078918756,-0.9744675613707944,-1.3520426951940812,2.5155998163359707,-0.24073797163944788,0
-2.7701424190179234,-2.874881325699571,0.06859483826552448,0.9841203072720472,-1.9357781068658872,-0.750190928803221,1.752469680870449,-1.772792044760163,0
-0.04326853363213452,5.333595730980663,-2.2556494743871847,3.205199327432126,-1.1674126769080893,-2.817557832371896,1.7343492928640727,1.5991384044127697,2
,,-15.740383573001646,,,-13.270311826178514,8.444661365096023,5.200942892441791,0
2.390738427996243,3.0605575535511065,0.37039183230163886,-1.2328176625400589,3.0074275490196145,2.566986764317379,-2.3312686031910212,1.1262347384647398,1
-2.989830482643702,-2.5169269026651913,0.8311610386192326,0.731027860983601,-0.7866694147307663,0.7211367822069116,2.1288404818900957,-0.32613969925921116,0
2.8680686127385053,3.287679776321008,-0.1485142272007769,-0.506796508059714,2.03433719327212,2.532883337409648,-2.1073365411589338,0.3144353970674957,1
-1.0481427241041874,4.913450155997812,-1.5594214381336313,3.371634857638111,1.4827468687011378,-3.684792471500126,0.7280662220672507,-0.019586646010351316,2
-2.979403497090519,-2.2798533561781436,-1.049931159730102,1.242008605861106,-0.6672645962986499,-0.10711811334434918,2.3851417472185084,-1.4921483566284615,0
1.105302178112922,4.807067717191907,-1.3448401510889036,0.985146189968851,-0.059900875852037676,-2.212613855459193,1.1565304345077951,1.1728100496024954,2
-3.900835208375462,-1.8920193872586666,-0.1464358459533125,0.26923914997195053,-1.527369244851587,-0.06313468936417184,1.3682454454896957,-1.2134812530991699,0
-2.4317850030024486,-3.6788602765805516,0.37654383465746877,0.5157611798983809,-0.4485795237098087,0.5246199107845946,2.456078434450771,-0.5648790808153201,0
,3.8601705019016235,,,1.9718162416213376,3.8427150762401383,-2.897135310283855,2.0635713729518583,2
2.598431216399107,3.8144470700145314,0.7856585447199165,-0.2268534823561026,1.8002757737890391,2.260008742963114,-1.1642166285817288,1.2243146596922265,1
-2.226724549218229,-3.2886358105433113,-0.49178946481781183,1.3106688965681732,-1.1756411357771193,-1.0715006800796945,2.1606372008245245,-0.48509183530013855,0
-2.4797220801575905,-2.6197920121863634,0.034143204897914003,1.1625129261467038,-1.4183199336014902,0.15308201771030905,2.610000144563733,-0.8434831158577224,1
-0.9600287461092063,-4.243890647528253,0.7268087669329859,0.46786693796676615,-1.0958181957365252,0.032590231329502645,2.5332983418297244,-0.1771453964438544,0
0.405953689210499,3.4371443967220063,-2.968886398905971,2.2207246572711585,-0.1877632396732866,-3.7053658886826204,1.5735386441221084,-0.2604243905170349,2
-3.301320833423371,-2.442419178636002,0.33491602933007303,0.7853118985218439,-1.4267169790783119,1.1876106780795954,1.0617506543851574,-0.46110017486125177,0
29.746003032859782,20.520290994933937,4.497173949383743,-1.2065097973933865,17.565753779476374,21.168529034198304,-7.737556921084609,6.38410443056416,2
3.113067256507693,4.153678513276716,0.8731382758173092,-0.6865994789334523,1.8821151864174017,1.7743639705847798,-1.1425044355505403,0.024315393575762068,2
-0.16375797037487325,3.960529023950684,-2.850534668951711,1.927881808279472,-0.8049822428868075,-2.794108438925363,1.3027324338278907,0.5844972479245736,2
-4.099768419799432,-2.4605108525336656,1.3873364925627332,0.3999765173557992,-1.5062537075243796,-1.2077479834053924,1.1188354782209644,-0.2663792956679233,0
2.5070880436978387,4.002033979749192,1.6360107611292032,-0.7969066710378712,2.7559622455300103,1.4507733042729005,-1.5054083967739773,1.2564358782538427,2
0.6442901488384278,3.7032152110073504,-1.7202585196879498,2.510072785206563,0.24325651695315925,-2.86384036552752,1.968194597903484,0.42754394609919166,2
-3.4594596254836762,-3.395947123848527,1.269434088883469,1.4401574055272122,-0.30303923219155027,1.587350942729478,1.2784980776473622,-0.9507066108708978,0
3.1843976831565115,3.0569714854975545,0.3443815276728256,-0.9916493267624032,1.509137747972808,1.543020281176037,-1.8776692288392764,0.7737021810385464,1
-3.0117608102530022,-3.597130749301506,1.11557858240398,1.5444543548002638,-1.4537785117071487,0.789068844877623,2.3272565395764317,-1.6015047240182667,0
-3.4732121139769583,-3.6036225716328802,0.8352128769643231,-0.07494944894828337,-1.2272158062759986,0.0717872286083868,1.8967902570572828,0.11179327500448366,0
2.6135816122884044,3.1105533441842868,0.6049807335671307,-0.451804425309285,1.368820545367211,1.8052270347519674,-1.453959827368637,1.1192371395647516,1
,,,,1.329530370792597,3.4254951258549338,-1.0549096632138475,0.16666137171815132,2
1.293466798014723,4.487898789976309,-2.056969643137552,2.216426379788587,0.8259760176203125,-2.867414955699428,-0.08148590116812304,0.024925636672815055,2
-4.325219812866673,-2.847908789239963,1.6025579793261115,1.342067967127115,-1.380562445022145,-0.39231462816215285,2.0217330403419878,-1.1764439707823493,1
,,,,-2.295845806987304,-1.5092161297849866,1.813510526147376,-1.4071157539971235,1
,2.0651802047480894,,,,2.529666860087288,-1.7352872218384405,-0.3009415564186859,2
1.9217519369061127,2.921485269922591,2.0928305732235373,-1.1307306943630469,2.4148996873828112,2.74635153957306,-1.1701246795078744,0.06499564348680142,1
-1.1930593764128357,3.400043626532235,-2.8448987957571,2.6285877843320495,0.7533215586992097,-3.7506651688268624,0.6156462390558282,-0.4568234965452438,2
3.694005265322259,2.4211239095171413,,,0.14479920964110904,2.459701166316217,-1.800503959383277,0.9063190995714763,2
,,-0.19749303820167274,1.8630313538718877,,-0.24326638853546345,1.1739994550729187,-0.43680078889061447,1
4.0585004906853435,4.262751338277007,1.0942336054258175,-1.2178394709621154,2.445693657144928,2.999148497296111,-2.187718681067314,0.2764550341367621,1
9.501473728501747,30.27148040218801,-18.715989238428865,14.215316336088229,-6.887689134246052,-16.26442563706028,6.898881126605479,4.293251409864763,0
2.5608753518581846,4.025962117841743,0.8126024210667679,-1.3033988893470563,1.8376703661327167,1.2144428583374491,-2.0533741148060436,1.686750959084283,2
-18.56236451862855,-32.84990017993499,6.5013044855618585,14.392292301378019,-5.264875483397583,-2.3889879051309575,22.523688893053514,-2.8046425625132514,1
-3.6057399824712837,-4.135347588781146,0.9301080860247322,1.4418668296470034,-1.1638311932417633,0.28540985873262714,1.7756217351637165,-0.4487621069301324,0
2.245940487867669,3.160278954965073,1.4315554197274623,-1.0011004031284374,1.5771264044469506,1.768633773985389,-1.4254596637781227,1.3579792973220604,1
3.019778760057032,2.7872457264359,0.7703000174973376,-1.3556846946909809,0.3479391795376905,2.7680265666131842,-1.3379172223051756,1.5947691767139456,1
-17.31573599760429,-36.1554462948543,-7.2789745312456215,12.456696469230733,-11.661376690542738,1.4024992814602595,8.572181821416127,-8.13010878076205,1
-2.79280420721903,-3.260340206924903,-0.7297052477350077,1.2295968385998768,-0.2908548500850705,-1.0737029834412963,2.604679609588732,-1.2299676561860258,1
1.786143291303086,3.7449850656642867,-2.0452900570846664,2.7426817092179294,0.18733225632178016,-2.632820592804479,0.8706677406315844,0.3355476935984313,2
2.3462416831476154,2.6426914057649045,0.16659936472068282,-0.3816114781365869,0.9562741924755754,3.265474211751387,-1.780440243839008,0.2696548714678798,1
2.8090665666302703,2.7271361420054734,1.0510077664799435,-0.9759147528101307,0.766100650225832,3.061257136930313,-2.183469645436381,0.8472365888169783,1
20.400412010011944,27.063884910460306,3.47166936871369,-11.409038772413826,18.31088160198887,25.458083067921134,-15.955702811848438,3.891972476394173,2
-19.944017006245122,-23.647186737325683,-6.594899018546698,-2.968112066223373,-12.068988040404143,-1.2374169796035828,15.420847363982052,-8.156701756569221,1
-1.727971087200145,,,,,-3.3187650772654615,0.5179295717741557,0.6303511036506944,0
-3.0052971076418054,-2.3487354996639755,-0.03986111636424716,2.1601632841627474,-1.9791892169258605,-0.47816426110962224,3.0761502863284615,-0.851977893345258,1
2.064512938503613,3.3490451070762917,1.0623085775753158,-1.4506289296826147,2.098271160543913,0.9584202617150108,-1.2573234758794036,2.1336046106513047,2
2.9301082382899946,,0.8904229955994334,-1.166378546883696,,1.578350999939393,-2.2257087927310795,0.6285331771826348,2
-27.28899627147716,,,,,-11.411279643314419,16.183093261418318,-14.262512576356645,1
-3.3450018382268913,-4.267149324760771,0.0780964458788444,0.2349733312308755,-2.512903203490511,1.2056519593969544,2.191003762618041,-0.7342186935702115,1
31.124537625923747,,,,16.53105793495936,19.106169061884234,-13.617872932774887,-1.7373665901172153,2
-0.9570490239113988,5.7535059170768195,-2.0993236989998003,2.4433794824134076,-0.23976459408957138,-2.8418881592458756,2.0808406336003666,1.4702310242702556,0
3.7529447808952034,4.292507895638009,0.8189149145307001,-0.9757057530005143,1.133587350263892,2.2574946234704303,-0.30200404074725684,0.29703583170885717,1
2.9627314409526457,1.9638511372126335,2.131397227494608,-0.8762486535657931,0.8663774602794972,2.0109573097362823,-2.8225783115117444,0.23037667925364747,1
-0.14959716376311283,4.1257798318130074,-2.0112544841687936,3.7446112537651013,0.8730168421584639,-2.611182901527778,0.15420403873389765,1.436157350031689,2
3.9802561418169313,3.0047141738711356,0.46195003652697364,-1.172820099079098,0.5590345220882881,2.784296078293808,-1.0871048275793094,2.7284372256849725,1
3.9071668817989855,3.1126594956312355,0.8602311405790004,-1.6092429123602032,2.7304365266765753,1.7792781835806544,-2.007775980339768,1.399023937258816,1
1.0313571045457852,2.298083391495989,2.911902096411686,-0.5863825485558543,0.725810535462546,2.47065741247766,-1.4527818037524969,1.592287672133924,1
-1.313841183284514,4.884846182687535,-2.0848503633065336,1.776673785943046,0.18322226630203817,-3.444717753690476,0.67348125174773,-0.05893161293897731,2
,,0.5830077072106159,0.34915882866115955,,2.5927635700796405,-1.840981067278339,2.1563942862103374,2
-1.0036252336857499,5.786801479368108,-2.1303076652178965,1.5156957169290441,-0.5265468121501392,-3.6555650839065077,1.457559721909948,-0.2268050652425636,2
3.4034024342027474,2.297677826746821,1.8942711342181915,-1.5901928606082245,1.698300758705452,1.352427066174802,-2.928601195453264,1.2228038418571803,1
0.20847710974062236,5.551648829893196,-1.8563987188836808,1.356796444926966,0.14224023667044952,-1.0692301201511738,0.09882643081908316,0.5208072632803155,2
2.4988997893531364,3.0701000387220536,-0.04696217561275717,-0.9184721094640047,0.8467421145174655,2.1902689400049926,-0.7684547339602134,1.3304066978646516,1
1.8913775539917186,4.174028692602137,-2.2910101000394203,2.9119990109464,-0.47755170326840146,-2.5986733030433617,0.7094733238515181,-1.335157745332925,2
1.264870437469416,3.3978179162761153,0.8870531069416204,-1.3370080160233562,1.6266719701947923,2.1529223223315803,-2.9867124439218493,1.645573558820356,1
,,-3.1520482153699714,,-0.03955626317320387,-2.1385100020719165,0.7259272963712006,-0.06103558052011682,0
22.472532533042163,21.817089136043787,8.408062131839548,-7.807318022481046,6.128805201806656,24.490057095442506,-17.467757163491047,6.777892710535826,2
2.6569031562324343,2.1516631960131063,0.10490302255618988,-0.7187757564761775,0.7137754125384268,2.723687804706353,-2.4112759265547683,1.2074681140817283,1
-2.125234313069356,-2.555240199997106,1.0180099654130348,1.445834398360547,-1.2614460143985258,-1.2485277907999284,2.05853475418739,-1.3893343711943875,0
-0.4021268652487364,5.60922013286247,-2.8093078836794785,2.994475066177635,1.5306957126523113,-1.7459124673983184,0.9779228525315631,-0.2938480475963292,2
2.5092714232085367,4.121099964526798,1.5246853772483022,-1.7056335096118196,0.8580422134527856,2.923867643657017,-1.6836646914971167,0.8814602450850442,1
-2.118205902983716,,-0.12286279254388699,0.6554270378642296,,-0.26145979802659286,2.3397122981441987,-0.6340093674756788,1
2.2149037571056387,3.534875756578642,1.1717484640006914,-0.5722571599482399,0.21224150713827505,1.4615033197638778,-1.0357491918204533,-0.9450687491662355,1
-0.5854109939691451,5.031673622034253,-2.718257400651921,2.5274595494332295,0.03699591690826416,-0.8705362645013859,1.4412977015861155,0.08496718996950864,2
-0.5395912385204648,4.123280848416117,-1.986822432393267,2.6035709257973543,-0.13350391446567197,-2.7963236842975636,0.7540177123961628,2.2554073498548526,2
-0.977886081042623,4.863418606898509,-2.989459246830386,2.939664279715612,-0.3550341501915936,-2.4941429227204837,0.09400403526156287,0.5856676265233712,2
-3.125058618309723,-3.485896992801966,0.14537811282015795,1.8910179381282646,-1.1245921215733745,-0.2699409870662129,1.8344875060248407,-2.097023963409813,0
-2.113957552383411,-2.2540203776959666,0.876203697959136,2.3805371663606696,-1.6324719875978742,2.1222336905774437,1.8407294092457458,-0.8213646537707885,0
4.449279026237436,2.5942660226266425,2.089211428864984,-1.1322081945131335,2.064967980958474,3.0139564493182953,-0.697203771394968,0.4115634049850987,1
-1.64861891962481,5.706162926340756,-2.154332207810423,2.8189063061356037,1.0204506862979816,-2.289794593791174,2.011040591465402,-0.3692164685059568,2
-2.3958387373682513,-2.876016118996479,0.9389767201044159,1.266016309334029,-2.190938608175821,-1.0486278427737326,1.5015620836719257,-0.6045579031089615,0
3.9001981552747984,2.852419200650683,0.9007545976597222,-0.880968130007555,2.1243283028549667,1.470849064531765,-0.9847607063831377,0.9856531064790186,1
,-24.067674044414296,,,,3.840194597538106,14.034666659579322,-13.724769577225045,1
2.9437211242658883,2.5322245978818003,0.16948641526521002,0.0038127993176657604,1.8529452629741203,2.4791182433388164,-1.8953623457716984,1.207318709240118,2
0.6342072992994259,4.205408607796308,-1.5966637174595553,1.5506696698484195,-0.470852305832645,-2.4265957138406797,1.3165615244021391,0.43177861214058916,2
3.289435680839005,3.3229450783899943,0.5930770626243567,-0.6717912782206806,1.372544749456038,0.49126598260153065,-1.8392914223660797,1.755292048099665,1
3.4302508336572757,3.878610891693306,1.2157225621075576,-1.3119756892372467,0.042431129459088,2.5494127027921367,-1.481960864413506,1.1280501274772703,1
-0.20096776573689706,4.87256288038544,-2.083644337307997,1.1949387615712301,-0.5222843954289402,-3.5635795467907765,1.1708421581872375,0.8523221548379312,2
2.670993896689257,2.0241189093726097,1.4907252188104747,-0.21751591961519445,1.2823653295491992,2.2359350281326087,-2.1730957737852807,0.8950450796727034,1
2.3173345817731557,3.3403087170534684,1.5647458813836712,0.03376604183874532,1.7602373483870042,3.14720274961663,-1.7080013160610994,0.6652060033942637,1
-2.991988192635974,-2.825848883139242,0.5309486646729387,0.8579602106431166,-2.2576990381718005,-0.10573631432485048,1.4777312203432407,-1.8752208772462025,0
-0.14193854896467273,5.576925719819966,-1.761564580056153,2.643961244620204,0.6304529579988079,-1.7349898673351016,1.5485235660081094,1.4936244309704674,2
3.610644075973238,3.130084204263241,1.8045637886704724,-1.0313130539315076,0.5163849475261278,3.1762907767028743,-1.759259426762775,1.2394024201947147,1
4.056103736325805,3.6772852911937948,0.7753141117313944,-0.9963694859386859,1.636766641157159,2.753269061223488,-2.4496198956573796,-0.07973922546109202,1
-0.676813264211444,3.9988182526920975,-2.7455310589688917,2.8185418998392473,-1.37734743768433,-3.208104060692137,-0.30405908348262467,0.7933144227005864,2
-0.9293817942069981,5.90686542427979,-1.25404017736397,2.1433330563090647,-0.7207375506501867,-2.1466305987171412,0.8052179731426945,0.7309967477992714,2
1.011132709561165,5.02694910615506,-2.6864345675371952,0.9695947280611479,0.7551844399819586,-2.422030457068244,0.4783617704249764,1.3214936406289217,2
2.9301082382899946,4.265809366145605,0.8904229955994334,-1.166378546883696,1.3802775148675879,1.578350999939393,-2.2257087927310795,0.6285331771826348,1
-3.0384544063420424,-2.207117125636288,1.3851778665366254,0.004765445458799089,-1.718648809159109,0.9506847671070823,2.3556553736393457,-0.8633158779641591,0
-3.1605048574866155,-4.114955981805069,-0.139014590703179,1.1587502322763947,-0.5766907615810227,1.966447602860652,1.5893904404503696,0.004710109651807848,0
0.7061554774694925,4.438621954279465,-1.447338745851631,2.9831725338081996,-0.5413075367079392,-3.1403567836227078,1.4587485710143029,0.2877256794126404,2
-2.452354760307637,-3.133455740253612,1.3198729654271235,1.5256082921118819,-0.22554768964723904,0.5115422837970514,0.8995718210427317,-1.0468672210287406,0
-0.7347023785744693,4.973285354710052,-1.6819876859821359,3.5569203782039724,0.3983955093072651,-1.7589932623859355,1.3339543136511478,1.1859503767880315,2
-3.411124533934645,-2.992310140530732,1.115267819390625,-0.048161219066175764,-2.4172077248358073,-1.4264099554143024,2.0228866576772897,-1.7828140720445806,0
-3.1192867600644876,-2.990734329038831,1.0150133521961147,0.04921562359884746,-2.0886643970693206,0.19106902840437218,1.9301157936531848,-0.5996985721543031,0
-2.7414493582100667,-3.3452552918541376,1.8547668284703767,1.0093630689011037,-0.5962796613711052,0.18299428891097783,2.5784851169252807,-0.8045309122465064,0
1.9722153680918069,2.8373429324362602,1.1796440667570707,-0.8756862181534855,1.877513187060012,1.8580657374774674,-1.4545398387144801,1.2942259808432903,1
-3.5083010818804516,-2.741205852052609,0.9678923797002066,0.5312230003494578,-1.4637175307050072,-0.4365217567405517,1.6314453124387196,-1.7874505485715082,0
2.453200255402055,3.629878082489798,1.5692803751037476,-1.0334282329419784,1.310528371259414,2.421630216037847,-1.5733506575534675,0.9451388803119661,1
-0.002280825264292098,5.234285485889027,-2.6439928965180037,2.902267488336939,-0.07970938667669679,-3.16013163631865,1.2697153694990433,0.45379169922833723,2
-0.26092269021547543,4.914489005807365,-2.6630749301605103,2.2914168820334226,-0.11272819655726067,-2.8136845653588805,1.5679907671758029,0.9489249719257491,2
4.480940881043753,3.9754636567270425,-0.21855750194239154,-1.4661666770315043,1.0316684130783245,2.4441075451259824,-1.5422199771796274,3.0973673667787,1
-0.9962811770474609,5.402041477173089,-1.895120611025014,2.1474092320203297,-0.2865568507730853,-2.5234589534622196,1.1458925033046472,-0.14410804596006765,2
-0.468428088127024,3.2280390796158933,-1.8069530116519121,,,-2.0192768520868243,0.7108780724898816,0.3289666261084305,0
2.067848667959762,2.070447240204591,1.3732764148496344,-1.941829768553026,1.342103085251977,2.712905312330324,-2.2963157967538823,0.28301636594879565,1
-2.9303657688889833,-3.060270456274734,1.0535642851830564,1.2412516583652367,-1.032171787324402,-0.48186059756153155,2.6284707858873837,0.14025586333679385,0
-3.415904968987756,-4.012240498071918,0.5504906553997087,0.6293551036553383,-1.3371266520517073,0.015296501866410014,3.1212452239246407,-1.167548939231117,0
-0.0697826709212289,3.496868661021925,-2.7998959219045965,1.6051130419722637,0.9147958565706426,-2.1286058138078467,0.3968656437530642,0.10493984932204126,2
-0.22466710050144093,4.068354002052874,-1.3513308846568424,1.1679689065346817,-1.3900592934976799,-2.497699950885636,1.067289032574614,0.7829505952132814,2
3.839810846240919,3.3288091378145337,1.0476706744064033,0.03631712375147966,1.580626618206953,2.286961576557455,-2.0864762811443547,1.4921178213317878,1
-3.8606551781517187,-2.7500099266100753,1.2641085335642304,1.3407729830044983,-1.4026217821668856,-0.06711852179617961,1.4156041930599488,-1.050399014707852,0
-2.774041775134726,-3.8050598459066545,0.998383916093736,0.17296465244982595,-1.8964064409067043,-0.4372223857506253,2.927602710212387,-0.7687970380683857,0
3.2151875365458165,3.1222282932508434,0.8164271990241373,0.7121850280066198,2.413507342192497,1.9952565196408452,-1.6915305382932369,0.8500288196403627,1
-2.9487072797900127,-2.973733737362281,0.436390349261826,0.978417240141071,-1.65006257679358,-1.0093851149480089,1.638442480487417,-0.35976316220920745,0
3.710732277067297,3.167708550901865,2.0075350398479634,-0.8847186661261971,1.3261037544202767,1.2513925783338113,-2.633814285668218,-0.2849890832989719,1
-0.2417552278433156,3.8348670021867917,-0.4684511021914364,2.147654979806994,-0.3505888095699729,-2.7595241179579433,1.0669219655257651,0.2700907547668423,2
0.02929813304773432,5.544096561514136,-1.0963759831524145,2.6378855132148202,-0.18359783471124236,-2.145375863224381,0.8736849810109838,1.6762149741848344,2
-2.6533089377519814,-2.8980587799592805,0.7752608438893791,0.39661235128063754,-0.8999527525103714,-0.7784309780514407,2.5847638957315615,-0.1697002485168183,0
3.7819740680192218,3.8039467090062455,0.38933042419434505,-0.8329967229646702,0.9065179165947133,2.3682270731525032,-1.2747460416660537,-1.3860984535301832,1
-1.9010010605007372,-3.6986165153057144,0.2534144755351615,1.3362340071169656,0.27233327441952415,1.0360694425997412,2.7835780133988663,-1.2714515688845034,0
0.6020626599862526,4.018534738092686,-2.5715666857077517,2.35296095890126,-0.9065277737819796,-3.1731857991275176,1.4513140040563322,0.95454437995691,2
22.090979155107902,24.60006840790021,0.8361777558185084,-5.0532686985061845,8.352303975621709,20.560949972763453,-13.590954430020386,18.78007168972077,2
,,,-1.5139034226302681,,1.7874078933626232,-0.6597057200628597,1.2825116491967719,2
1.9109124118345455,4.165343241123789,0.936776692821409,-1.4531871439911321,1.308205764572098,1.4658845719778677,-0.5038333953418662,0.7248629436897793,1
-3.6157496991572544,,1.1023707955730118,2.09117137345936,-2.1132769469595702,-0.15851820918089693,2.5230904358004187,-0.9598129499932896,1
0.7456955601894393,5.0269612760592395,-1.2496679306721394,2.925877334021386,0.14677551636404276,-1.730453780398641,1.6435889542180697,0.7632667572877938,2
-3.592720865018814,-3.752900600300111,0.657008115027116,1.4206714992899279,-1.2672273808316514,-0.5666176103681293,2.4742393894639756,-1.520702648966944,0
-1.5347778888430925,3.420837058792162,-0.5635862633656943,1.7352248113595192,0.9989346207674458,-3.153860716192317,0.8722808631904927,0.9376457817199328,2
-3.1523792854042596,-3.268660647995422,0.7017533441632269,0.8233381125108616,-1.529805034731111,0.055019094280526155,1.5253499300545506,-0.6275094382829932,0
-1.5975434127190606,-2.423060266142896,0.6187945815999685,0.6926622629265436,-1.7762009963085756,-1.4904385224400123,2.1803482946448125,-0.4081618240627023,0
3.1416227263908487,2.432092565649276,0.8775490825973119,-2.3850659668225496,2.1484637234832724,1.9605245182294833,-1.5242594459890855,0.001314605091554677,1
3.714617974701732,2.616158123494487,1.0288442467471337,-1.043060975723246,1.9929036991478493,1.7823745638890771,-0.7881160662335008,1.3264301405192915,1
2.9249521817334343,2.928100237327571,1.0221018855969681,-0.6691218354329709,3.2744949222698816,2.6328295928138568,-1.0361812947023246,-0.18053369433309974,1
3.0315927016814896,37.14239698222,-11.280410582764363,10.887636283317605,-0.7351314604837629,-27.74954036553528,9.549531298587354,13.194808984780707,0
0.9995858383759167,5.324071732980368,-1.4649996653409905,3.734352572411031,-1.0058785082284512,-1.5408018174065967,0.30612898160033397,0.10496261665328926,2
2.260628505134363,3.2228514586023134,0.9034824677404347,-0.9475510450036415,2.2274775267438423,1.668873823656408,-1.6653262115628549,1.1320976743878524,1
3.113067256507693,4.153678513276716,0.8731382758173092,-0.6865994789334523,1.8821151864174017,1.7743639705847798,-1.1425044355505403,0.024315393575762068,2
-0.9534435236091187,4.211913813529734,-2.4809005137397357,1.9963171637293073,-0.22841941882987082,-2.571572965019981,1.3396483633517073,-0.36645735362370047,2
0.25766069600661046,3.308326564116279,-1.651898842399535,1.9263997163811917,0.8957816109698165,-2.746375100177156,0.21346441131501004,0.5530631905714766,2
0.5166873608017932,29.259838796585463,-21.787574976178277,,,-12.398909529601085,3.894537344817463,6.610860686848281,0
-0.8143737728666584,5.50187260550301,-2.8099847379066434,1.3448670756242322,0.09334649911742092,-2.789592086014576,-0.0532236600647531,0.8680706394083946,2
-4.029780664069423,-2.6478659321361944,-1.189875495721726,1.4538758078670988,-2.5444740848310943,0.03742053883223182,1.9165818138704558,-0.1813232968942814,0
-3.0681006188894426,-1.5347821837485838,1.6013484317326696,1.2700925867895505,-2.0341400467863373,-0.7786880303883925,2.8338000671622057,-0.8160755423970031,0
4.043309129870367,2.4180440108418866,1.1016167462779087,-1.13521247385704,1.455896488914256,1.3585396644254195,-0.512466001981457,0.45795366937827175,1
3.127001978565253,3.2906957831858175,0.4231254505151969,-1.0523337943893158,1.4342008580398506,0.9493039190775705,-1.6537157924811319,0.8898775170060736,1
,,-1.895120611025014,2.1474092320203297,-0.2865568507730853,-2.5234589534622196,1.1458925033046472,-0.14410804596006765,0
-13.688968559209336,-31.080810022592395,-2.5498160138814328,0.7091664070843748,-2.326457594882635,-2.5891023509192066,15.856421262053024,-10.255584470194941,1
0.4166106044917989,5.166957916180719,-1.9352553120755749,1.9301927935848786,-0.320627203665755,-2.0541312458391294,0.2851224915621754,0.375353382351856,0
-1.261913485038291,4.522210438974878,-0.8523331889768038,3.6714037868896314,-1.2641352984251748,-2.291113278858331,0.3077200925336818,-0.3351952249971806,0
-3.7981126433883614,-3.783675112689368,0.8134696017058973,1.0407920316548125,-1.1158828267951115,-0.1313696936499165,2.194700608518239,-0.8893166405664236,0
3.5570047566163847,3.6246613621580166,1.2204771010062523,-0.20800294064808944,1.631651824009326,2.6403274047533754,-1.4151316187260696,-0.41277086005976815,2
0.31107538250436956,4.424749891898492,-1.5666174104903727,2.551657887238561,-0.1331560428261692,-2.263325854945569,0.6911895771381886,0.6765849848024027,2
3.8905672032404683,2.4759177886410306,1.0639056405228182,-0.3317605444433859,2.06638224186992,2.3882711327355293,-1.7022341165968609,-0.2171708237646519,1
,-3.813354084466061,0.025908071193505522,,-2.392232881410854,0.06637880181126296,1.1404591145157097,-2.5262563461167318,1
3.718250379107473,2.565036374366742,0.5621467436729679,-0.1508137246741733,2.1957192224345468,2.646066129274788,-0.9671946151355761,0.79801305382052,1
-2.39364235939903,-2.487300533166013,-0.7034127937132326,0.7174855170364662,-2.104229963640994,0.9054569779215591,1.0549306173115054,0.1229603732795097,0
-3.653532376006914,-3.143806290507341,-0.16501543843740685,0.7626768468696064,-0.9117843037798232,-1.209124296234644,2.3040965504821003,-0.8335850783674055,0
-3.150671119603308,-1.7523943451067017,0.35034219670503075,-0.26033508421392626,-0.1748657802042195,0.47767475686895483,1.9509909988310397,-1.259992415257448,0
3.017683981768873,3.3798734425922303,0.9899661968416623,-0.3182025635683595,1.176645367513079,1.5701233561758232,-0.11611724232077414,0.5767563844202876,1
-2.070064832445788,-3.4595402747731065,1.90927251835622,1.413924510196739,-2.211211570585755,-0.36556693567975473,2.546826843656619,-0.26314890766910704,0
2.8684006289382404,3.176714520214675,1.5272484453795054,-1.8611821033190037,0.7645352705367958,1.2760373793615336,-0.8935218197496804,1.1752263052333243,2
-3.086666506030762,-2.4805797679143566,-0.8145921361761355,0.24766379032760022,-0.886419477142936,0.18906680393810057,2.2883801074887278,0.30164636533631795,0
1.0612175871846672,5.285337748351887,-2.409628853568666,1.5221889635020498,0.3218812145253786,-4.1221997751452495,1.7771078811178742,0.3504887794817316,2
-3.67558173356266,-3.507658245175027,1.989928812704615,0.42502932454292974,-0.9130575573845586,-0.6320490246609184,2.652101109011971,-0.7305343237258959,0
3.711426241778489,4.562250301844674,1.508477559239271,-1.0644297770347204,1.1976284370422583,1.8304529304965464,-0.05816387046218163,0.8678759086949376,1
-4.325219812866673,-2.847908789239963,1.6025579793261115,1.342067967127115,-1.380562445022145,-0.39231462816215285,2.0217330403419878,-1.1764439707823493,1
1.3820413436624555,2.9526828903960585,-1.671461323650068,2.5044941669670466,0.5709692396603768,-1.998474356982714,0.8845057749053761,0.6208558993997288,2
2.8165270440787595,,,-1.989462126556857,-0.13782368099517783,1.7605574755475795,-1.0607542723297088,-0.11894897240929803,2
-0.6758196745383049,3.3373056776950847,-1.4264157153946435,2.1679097832439087,-0.5859235572567237,-3.265692998908207,1.2961251823112803,1.462435398027577,2
,-2.7290588894229795,-0.3075724414798324,1.1109136353498146,-0.7843149422476695,0.5439510712936287,1.9332999490902458,-1.3275834193270046,1
2.6650300536695637,1.4933439240020008,1.1682949478896634,-1.3501504011293837,0.45836027924770284,3.259926582081841,-2.415366828869457,1.5578605830197507,1
,1.5407759731421535,0.9044684016851526,,2.6722792667189763,2.7487633474690676,-0.12659603531042674,0.9699412419302785,2
2.309887517505218,2.4945144108399866,0.8218492626153695,-2.6481854300043253,1.3548002343122327,2.1188004876735618,-0.9513681628215408,1.246693565307028,1
-0.7756283825123196,4.210839528637375,-1.976472799161896,2.661540956468694,-0.5524152894906841,-1.8689873097652483,0.5650222597931766,-0.10880215362743262,2
-2.373076329679958,-4.398226685022902,-0.6776285372537187,1.1472039037603026,-2.0004135933282567,0.9184176835539399,1.7793779270803434,-2.3541715149991824,0
0.39360989130829566,5.179113031384186,-2.102286037990786,1.5362322993416722,-0.9549077011345831,-1.8981651546427443,0.11758418684009986,0.7744186277419386,2
3.6542774440274313,3.275198632203197,1.3228024739518849,-0.7757958211949427,1.3682442350956487,1.9986466194221149,-1.2978131538384368,0.7668126638814515,1
3.6935332141974992,,,-1.2423134480442888,2.3853458929350246,1.4871381350020791,-1.1033212651202395,1.8550305401452993,2
3.775374137638632,3.602432265635874,1.054499706987113,-1.2594291374779036,2.218332767674805,2.486169498114904,-2.0727890272429206,-0.20137407423918607,1
-0.7905996004836852,3.4063875591530874,-1.5551248063461927,2.979148882008051,-0.2576955737256973,-2.294438496193804,1.1316851509368504,0.9216935701783598,2
2.7376475930972193,3.5055411962765204,-0.03400007557869911,-1.1198629208646285,0.33828221317151685,1.761196353331007,-0.9125590513934156,0.9650662262393012,1
-2.144007686222015,5.3906955121988345,-1.138819079484213,3.8211386623791626,-0.012269773797524195,-3.4048443613985238,0.706291310144299,0.507997160752919,2
2.7235019100912776,2.6048449840704193,0.6123643923146866,-1.9814671972299354,0.9747372841714648,3.548894192955226,-1.6446194823972475,1.493088167989269,1
-3.0196581525728226,-3.4622100812153924,0.907295307514955,1.333622077126786,-1.4897239020772022,-0.5529904477073221,2.090950897916252,-1.0488591500334965,0
-3.1096465283606634,-3.0285337682948037,0.041648613199426754,1.3122505410374563,-1.818488436238546,-0.8579240346370737,1.1054436979762665,-0.8791884575945164,0
1.7007855170792472,3.892213465766938,1.4369351799521488,-0.37053824973222327,1.890681908364758,2.387213537780541,-2.244204097108796,0.9019471911425275,2
3.3970194949137857,1.6471876853415728,0.04728815046477142,0.38146500576956943,0.7669538679460748,2.9275887217956824,-1.9808563351660922,1.0557709174872951,1
0.11806736634329011,5.2939519211160935,-2.470411849996296,2.3123274148829256,-0.9123566269412109,-2.7718499762658384,2.8018165376913604,1.0445532148773093,2
-2.572408558512402,-3.30394030328122,1.0532754338763204,1.685709738809181,-0.5958194740389289,1.2448246347038756,1.3935087029383928,-0.9902712534672422,0
-0.24784816655862066,5.101577263343294,-2.9325383993037084,1.9234128164000666,0.3189829429884449,-1.6419704858934654,-0.5413780172974392,1.462129851193291,2
-3.6157496991572544,,1.1023707955730118,2.09117137345936,-2.1132769469595702,-0.15851820918089693,2.5230904358004187,-0.9598129499932896,1
-3.3264915542052043,-3.7761620824566275,0.6606222551209008,0.6343112979982838,-1.8295751604428752,0.5175282179724322,1.1867866487459575,-1.6337556488772824,0
0.4260776890396519,4.617356025308691,-1.1325795565383796,2.4363727019425028,0.0232725614412631,-1.2948961578921598,2.1353468895686616,0.49427693515367405,2
-2.8083103211840807,-3.2105352093927144,-0.796513298780841,0.7720113229483899,-1.7291138011785168,-0.10365068318342793,1.6055700022024513,-1.310108507269027,1
-3.7981126433883614,-3.783675112689368,0.8134696017058973,1.0407920316548125,-1.1158828267951115,-0.1313696936499165,2.194700608518239,-0.8893166405664236,1
-2.2863423576347595,-2.1879350073495143,1.2322365757335296,0.6710943255462991,-1.6167430138013903,0.5248358875606862,2.274047226143675,-1.275546229907931,0
2.174019822871127,2.856948394424602,2.2344446173918198,0.4656451955759022,0.3373931869385418,2.2518864028166026,-2.224050439065589,1.6918364188480637,1
,,,,,-0.7786880303883925,2.8338000671622057,-0.8160755423970031,1
-3.668354271991575,-2.3182741102478195,0.9889964417600535,1.0713481211608602,-2.0336264206193566,-0.601444213002899,1.6236361961678842,-0.6201838756956279,0
1.6781636127183914,5.260977138942136,-1.8535582552593513,3.497555532837812,-0.8180444201925604,-2.702030415138646,2.0109752774816654,-0.8069421266264751,2
0.25659116248478253,5.39863339873909,-2.45866178325684,0.9305518959050305,-0.6977395262636087,-3.2679455272079903,1.515696214445982,-1.4017156118767224,2
-2.45785370729424,-3.026976783290389,1.7177536293517082,0.6624372649079553,-0.8004645672678576,0.06818938907044739,2.557044606820963,-1.3130103601309626,1
-4.624249208670301,-3.6745469110581626,-0.14060928109214832,0.8592267418368188,-0.7209238758378155,-0.17154245583349165,1.2784303958101924,-1.0398681788494704,0
-0.2899799169083813,3.8147244798653817,-1.5131133050940533,1.9519112732771375,-0.6256708454163407,-2.775078204882088,1.6949872150874061,0.6504133215272794,0
-2.587951893783818,-3.0615345411584505,-0.17857900441703445,0.3302143009842474,-0.48705891277822855,-0.10949503540030901,3.1482478657288175,-1.359545382500437,0
3.65626604522483,2.765547573908475,1.604164717527636,-1.569918987390279,1.6239345432569388,2.746402067756342,-1.6078233216031066,1.2831816351603096,2
3.197461523584416,3.172904695238922,0.4849736068247763,-0.5090544131586219,3.491706076435347,2.2376434476469416,-1.4503036992025362,0.6876563149569164,1
-2.3529495699687963,-2.975771688070321,0.302042975596701,0.9256726485641966,-1.3438145871156837,0.43176993978284584,1.300201439931433,-1.7291113428348903,0
0.5867323737977573,3.6126763118899055,-2.5301202518316757,0.8286504540563762,-1.5290426776295458,-1.2412653130150413,2.4585187708697687,0.564908343656767,2
0.9926493878873346,4.531890474779517,-1.236156436589686,2.0203257746307193,0.9846719462726831,-2.3084609078257725,1.3043513383502612,0.5921405180004222,2
0.3929747108431676,5.363254115857506,-2.807503642177373,2.1412185856255883,0.06827245075091734,-2.630456203287,1.597822442864631,2.905149331189164,2
-32.798147358395454,-19.684086820269325,11.098691940501865,3.1998121388463936,-12.050029660195037,-9.661983867243139,8.950683825767715,-2.1310343653433863,1
-1.1942678581524313,4.338435894158389,-1.4433388469494006,2.235163375833268,-0.1573122279493251,-2.3863157644100914,0.9118276972171007,-0.22136085167132313,2
24.852882086264987,,8.093803970801757,9.807241137411676,,21.093579751542343,-21.578621077610343,4.9566781671008275,2
-1.7735608313462607,3.320875119820361,-0.9115967182810047,1.7795657097102489,-0.2595844171805585,-2.0412718177945752,2.037602859553255,0.3602891551853134,2
